8a352189-6427-3159-814a-34f678970d35,Dr.,Helga,Gutmann,"43/14 Kerluke Mountains Suite 141",Poblacion,Danao,"Zamboanga del Norte",Philippines,228-858-737,"(0917) 031-5787",Crona-Ziemann,http://raynor.com/ipsam-recusandae-id-eos-et-vero-quod-dolor,CTO,lime,1975-12-13,walsh.orville@gmail.com,"-w""rlgmh6`"
b37314e3-1eaf-3b91-b81d-a788202beed4,Mr.,Tyshawn,Lemke,"70/10 Kertzmann Island Suite 760",Poblacion,"Cotabato City","Davao Oriental",Philippines,815-601-373,"+63 (975) 466-7688","Fritsch Inc",http://www.damore.org/doloremque-dolores-non-veritatis-omnis-at.html,Cabinetmaker,white,1994-06-07,skiehn@stark.com,<=3/]16{kZp2PFL
304e57b2-5cb1-397b-822b-e81396b87972,Prof.,Jarod,Heller,"52A/22 Jakubowski Views Apt. 666",Poblacion,Canlaon,"Occidental Mindoro",Philippines,131-970-249,"(0948) 002-7216",Purdy-Weissnat,https://parisian.com/qui-sapiente-qui-id-commodi.html,Silversmith,gray,2006-11-02,oswaldo87@gmail.com,+r^vEB:j`zX
85b8dfce-c9eb-3c77-b363-23c32f2ac576,Dr.,Alyce,Moen,"78 VonRueden Fall",Poblacion,Oroquieta,Rizal,Philippines,028-321-520,"(0944) 719-4639","Abernathy Ltd",http://leuschke.com/eos-ratione-repudiandae-totam-dolores-suscipit-ipsum-doloribus,"Protective Service Worker",green,2002-10-20,kari57@gmail.com,"0yxd6k>J';t`+\v"
0d638dcb-b733-324f-9942-ed1eaf8b4e47,Dr.,Tyreek,Renner,"60 Kerluke Course Suite 842",Poblacion,Baybay,Catanduanes,Philippines,315-754-493,"+63 (973) 007-4119","Kirlin Ltd",http://www.wiegand.com/quos-cumque-deleniti-dolor-qui-quia.html,Choreographer,teal,2004-04-05,sglover@kuvalis.com,S9sLi4`L
6a02c179-154f-322f-bab8-a86f6a96b538,Prof.,Xzavier,Bradtke,"91/45 Romaguera Row",Poblacion,Kidapawan,"Misamis Occidental",Philippines,600-221-739,"+63 (918) 544-2662","Orn LLC",http://kuphal.net/,"Career Counselor",olive,1973-03-29,reese.wintheiser@cole.com,@wYsdl0HDwusE
393ab563-b2ae-3768-a0a9-35ed4cf554e7,Dr.,Nathanial,Auer,"18 Yundt Ramp",Poblacion,Carcar,Pangasinan,Philippines,266-370-740,"+63 (929) 477-0729","Wunsch LLC",http://www.mohr.com/ut-inventore-eius-non-alias-ea-et-voluptas,"Command Control Center Specialist",white,2015-02-13,orn.okey@hotmail.com,"V+L=CX>=\2|1mq?"
7aef253e-3c2b-337b-be87-68cd5e1e587a,Miss,Kellen,Zboncak,"39/79 Daugherty Locks",Poblacion,Escalante,Benguet,Philippines,049-431-796,"+63 (994) 706-8509","Schumm, Koch and Cassin",http://schmeler.com/a-perspiciatis-necessitatibus-eaque-reiciendis-iure-et-nemo.html,"Fence Erector",gray,2023-01-26,janick.fisher@hotmail.com,[2bn0qm
2226ad6c-251a-3c3d-9789-df30cbcc9a0a,Miss,Deon,O'Connell,"56 Heathcote Islands",Poblacion,Kabankalan,Aklan,Philippines,375-546-483,"(0916) 608-2329",D'Amore-Ullrich,https://www.block.biz/ut-totam-facilis-dolor-aliquid,CSI,purple,1970-01-04,jmaggio@bartoletti.biz,"7mkt%nkwIVNw7a[8\NX["
794cac4d-5a86-37ef-b9cb-6bd896b1a0ec,Prof.,Mathilde,Langworth,"77A/51 Hegmann Mission Suite 232",Poblacion,"Cagayan de Oro","Zamboanga Sibugay",Philippines,836-482-110,"(0930) 632-1494",Daugherty-Rogahn,http://www.braun.info/voluptate-non-fugiat-et-nemo,"Biological Science Teacher",aqua,2023-02-10,hayes.helga@buckridge.info,;lm@Xz
2f892db5-2483-3a9e-83f4-3178de9c3543,Dr.,Keyon,Schowalter,"12/82 Hermann Viaduct Suite 779",Poblacion,Sipalay,Antique,Philippines,174-213-691,"+63 (911) 793-3249",Murray-Borer,http://www.klocko.com/sit-voluptates-qui-nulla-veritatis-qui-doloribus,"Photoengraving Machine Operator",teal,1982-10-20,jbuckridge@shields.com,Aw@gn`Ijs{P
d649886f-c825-34d6-9dc9-7a7e348987cc,Prof.,Estella,Lynch,"18A/91 Conroy Keys",Poblacion,"San Fernando","Mountain Province",Philippines,217-671-080,"+63 (936) 587-6422",Wolf-Bauch,http://www.cartwright.com/consequatur-quibusdam-dolorem-quos-impedit-soluta-consequuntur.html,"Photographic Reproduction Technician",lime,1984-03-23,vincenza.carter@gmail.com,u|eW[lRAUay
a3d889d0-2a21-3b35-b604-bb327d99b178,Mrs.,Cristina,Kshlerin,"79/37 Ferry Views Apt. 842",Poblacion,Palayan,Bataan,Philippines,810-298-683,"+63 (925) 468-4976","Schinner, Zulauf and Boehm",http://dibbert.com/dolorum-temporibus-dolor-impedit-et,"Court Reporter",navy,1996-11-06,qgerhold@jaskolski.biz,"^\M)8F?]."
9ee30a7f-8de7-34ef-b44f-01884b40d4b4,Dr.,Zack,Hayes,"65/53 Jakubowski Light Apt. 374",Poblacion,Biñan,"Surigao del Norte",Philippines,302-927-420,"+63 (933) 786-1285","Marvin LLC",http://www.moore.net/est-doloremque-esse-quaerat-quos-et,"Hand Presser",silver,2008-01-07,monahan.victoria@yahoo.com,5Wnlj#48@zd[vN{
3963015c-1098-32d6-8d2d-dc6a619b2d3b,Mr.,Retha,Doyle,"80A Brown Orchard",Poblacion,"San Carlos","Camarines Norte",Philippines,438-808-571,"(0943) 337-7415","Mitchell PLC",http://www.bechtelar.com/laborum-et-optio-culpa-eos-architecto-et-est,"Supervisor Correctional Officer",silver,2013-10-01,legros.cary@hotmail.com,zrN-fh5AEk*g?^uK2I
fdf48ea2-db6a-3fb6-9d83-525a68671e5a,Prof.,Ian,Aufderhar,"64A Brakus Green",Poblacion,Kabankalan,Sorsogon,Philippines,357-899-624,"+63 (929) 206-5976","Konopelski, Crona and Koch",https://www.okeefe.com/omnis-incidunt-quasi-quia-eum-amet,"Plant and System Operator",olive,2016-08-06,schmitt.violette@gmail.com,_LZCXn3*O
76b035cb-6252-33b6-8df7-1e24659de123,Dr.,Tessie,Gerlach,"12 Collier Path Apt. 416",Poblacion,Dapitan,"Misamis Occidental",Philippines,818-573-548,"+63 (947) 351-6444","Stanton LLC",http://www.gleichner.com/placeat-magnam-ratione-quam-cumque-quam,"House Cleaner",white,2021-03-30,mbode@yahoo.com,"#o(F,IuL&VW_5_BU"
ee4685b2-e7e0-3ff2-831a-060eb4082df2,Prof.,Stephany,Daniel,"41A/40 O'Keefe Prairie Suite 361",Poblacion,Maasin,Leyte,Philippines,022-507-918,"+63 (977) 873-9100","Boyle and Sons",http://www.hintz.org/ut-iste-ut-explicabo,"Social and Human Service Assistant",teal,1970-10-22,valerie.bahringer@schiller.com,"UG!6_;o0Y#2,=E|y'7.8"
b606dcb2-347f-3c35-ab9a-2f9673b12db0,Dr.,Dillan,Jacobi,"05A Kutch Fork Apt. 990",Poblacion,Silay,"Occidental Mindoro",Philippines,454-745-974,"+63 (998) 385-9313","Hirthe, Grady and O'Kon",http://www.mosciski.info/,"Legal Support Worker",teal,1996-05-22,feeney.kellen@legros.com,"j(:\As"
261ccd08-4dd3-35be-9e21-b02207c75ce1,Mr.,Jamir,Baumbach,"61/47 Hessel Roads Apt. 550",Poblacion,Catbalogan,Cebu,Philippines,828-278-156,"+63 (998) 857-7117","Becker, Balistreri and McDermott",http://www.orn.com/deleniti-accusantium-repudiandae-facilis-sed-rerum-quis-exercitationem-consequatur.html,"Gaming Dealer",navy,2017-03-28,wuckert.jacinto@berge.org,"^""XmQI?c"
017005f6-e3b3-3fe4-8b88-22971473f67e,Ms.,Sophie,Sawayn,"86/48 Krajcik Roads Apt. 596",Poblacion,Iriga,"Southern Leyte",Philippines,556-371-793,"(0918) 539-5922","Schroeder, Luettgen and Marvin",http://hessel.com/sunt-vero-ex-eius-quia,"Order Filler OR Stock Clerk",fuchsia,1996-02-03,jbeatty@gmail.com,7#jyfM[QjZ@6.%#`gl
5b40679f-6615-3374-b862-14188f41d601,Mrs.,Keaton,Cole,"80A/59 Okuneva View",Poblacion,"General Santos",Masbate,Philippines,114-783-318,"(0920) 060-6626",Hammes-Yundt,http://www.johnston.net/ut-distinctio-quia-aut-neque,"Criminal Investigator",yellow,2020-11-16,luettgen.wilfredo@gmail.com,)OaU8bRBSyxRe<2-H
7f3f497d-8eb8-36f0-8529-66dc4df3f962,Miss,Immanuel,Wuckert,"11 Rau Dale Suite 611",Poblacion,Olongapo,"Occidental Mindoro",Philippines,663-066-042,"(0946) 366-0111","Denesik, Simonis and Zemlak",http://www.collier.com/,"Private Detective and Investigator",navy,2018-06-09,gfay@gmail.com,;?gqpKI^MR:c3t
7a1415e7-68a1-3c06-8b6d-f1210a85760f,Ms.,Oran,Jones,"38A/73 Huels Haven Apt. 212",Poblacion,Tabuk,Bukidnon,Philippines,101-515-986,"+63 (918) 287-3408",Connelly-Senger,http://cole.com/,"Personal Financial Advisor",olive,1990-05-02,kovacek.marie@prosacco.net,U:vOG<!yDB@
af61f7f5-114e-31e6-ad71-7e3d65b53369,Prof.,Selmer,Murphy,"51/79 Jacobson Parkways Apt. 603",Poblacion,Talisay,Sorsogon,Philippines,713-241-577,"+63 (980) 464-1719","Cartwright, Dare and Gleichner",http://schmitt.com/aut-aut-quas-modi-quaerat-veritatis-sequi-provident.html,"Industrial Engineer",teal,1983-09-13,ofelia51@weimann.net,"""FWd{;\o)Vo$i9SX@R"
9673e0ef-7ca9-3b09-b49f-b9ed0929cb53,Dr.,Annamae,Bernhard,"27/96 Cassin Spur",Poblacion,Lamitan,Isabela,Philippines,420-811-480,"(0977) 897-3685",Daugherty-O'Hara,http://ledner.org/molestiae-libero-voluptatem-officiis-a-impedit-et,"Flight Attendant",blue,1996-11-29,yziemann@murphy.com,"J(D\{%S')5;9;9O<"
7f1a526d-fb4d-3ab8-bc53-3b05a07224ee,Ms.,Henri,Greenholt,"76/78 Lang Course Suite 154",Poblacion,Tanauan,"South Cotabato",Philippines,337-763-616,"(0937) 229-1415","Kutch, Russel and Hickle",http://www.lowe.com/et-eos-reprehenderit-est,"Calibration Technician OR Instrumentation Technician",olive,1996-04-05,ahagenes@lebsack.org,"<uN``k0Q(2F#\x&Qsv:"
0074e734-8438-31fa-a2b3-0949dd8db1a4,Miss,Jesus,Lindgren,"34/39 Kuhic Pine",Poblacion,Malaybalay,"La Union",Philippines,823-295-765,"+63 (817) 655-7665","Gutmann, Collins and Hane",http://www.tremblay.com/amet-labore-optio-aut-rerum-consequuntur-ipsum-quibusdam,"Gas Appliance Repairer",gray,2016-02-23,ulices40@hotmail.com,",Wq5&#"
b9fe3ce7-7883-3847-b545-16fced80c7b4,Prof.,Giuseppe,Ritchie,"64 Fadel Estate",Poblacion,Vigan,"Eastern Samar",Philippines,771-898-713,"+63 (935) 700-8851",Stracke-VonRueden,https://www.mante.biz/eligendi-doloribus-maiores-beatae-et-enim-cupiditate,"Mechanical Drafter",blue,1975-12-06,darius.ondricka@quigley.com,gE~TQZ2I
00b922a0-aa1f-3466-9023-abf0e2608493,Prof.,Zena,Altenwerth,"89A Eichmann Green",Poblacion,Bogo,"Northern Samar",Philippines,989-890-003,"+63 (994) 006-0393","Kuhn, Schneider and Williamson",http://quigley.org/aut-tempore-quo-ratione-voluptatem-reprehenderit-accusamus-explicabo,"Machine Feeder",gray,1987-12-30,ephraim.jacobs@glover.com,"""aGWyUFx"
71f40b2b-e17e-3b10-ab13-27cfe90f305f,Dr.,Chanelle,O'Hara,"98 Bartell Garden Suite 405",Poblacion,Caloocan,Maguindanao,Philippines,443-234-840,"+63 (936) 325-2477","Kerluke Group",https://www.cronin.biz/dolore-non-ipsum-delectus-quos,"Bicycle Repairer",blue,1977-06-13,nrussel@hotmail.com,~khj/>
345ac944-9bc2-3f0b-ab79-5c30749b245c,Ms.,Jordi,Harvey,"17/43 Batz Plaza",Poblacion,Digos,Zambales,Philippines,041-323-699,"+63 (907) 522-1300","Schmitt Inc",http://www.bins.biz/quibusdam-molestiae-voluptatem-veritatis-dolore,"Architectural Drafter OR Civil Drafter",maroon,1998-10-25,jwehner@kuphal.biz,aSU&jstWD
6d5d9666-a341-30ea-ab00-007dd3792b1b,Mr.,Mallie,O'Connell,"51 Mayert Cape Apt. 279",Poblacion,Escalante,Samar,Philippines,331-063-087,"(0911) 050-3805","Harber Ltd",http://wilkinson.info/nobis-occaecati-est-delectus-saepe-quisquam-maiores,"Administrative Law Judge",black,1985-06-24,otis42@schroeder.com,"4cQ|q2be=""{DeJ?D5MWG"
6e1dd14e-9510-35e1-899f-0742e26fbd3b,Dr.,Brook,Lebsack,"59A/09 Mante Ranch",Poblacion,Koronadal,"Southern Leyte",Philippines,810-819-544,"+63 (911) 968-1909",Hyatt-Walker,http://hegmann.com/molestiae-corporis-dolor-illum-rerum-libero-vitae,"Statement Clerk",aqua,2004-11-12,manuel57@rohan.org,TYD4k'u&PWc%
5b4bfded-4460-3041-8143-5b9223aaab75,Dr.,Brandy,Volkman,"87A Hackett Terrace",Poblacion,"San Jose","Lanao del Sur",Philippines,041-005-188,"+63 (948) 283-0700",Fay-Johns,https://konopelski.org/magni-vitae-sint-qui-delectus-dicta.html,"Brokerage Clerk",gray,2014-06-01,kuhlman.pat@zboncak.com,CMy6NN5(i4
0eccb456-03ee-35fc-acb0-205c587bb4d1,Miss,Marge,Murazik,"41/72 Block Haven",Poblacion,Legazpi,"Misamis Occidental",Philippines,329-070-126,"(0989) 953-7856",Lockman-Bergnaum,http://kihn.com/,Legislator,maroon,2001-09-19,linwood05@altenwerth.com,RX^0m/85ei-^oAbSP|a
40461ff6-1fde-3141-ad08-a673e41935e0,Mrs.,Ernestine,Turcotte,"38 Fisher Center Apt. 749",Poblacion,Dipolog,Ifugao,Philippines,888-466-532,"(0935) 969-4800",Prosacco-Heathcote,http://jaskolski.info/,"Statement Clerk",olive,2006-08-21,phills@yahoo.com,W4+Y$!Hx7qh
f7db0d09-19a2-306e-be7c-fb66950413da,Mr.,Timothy,Wyman,"15A/00 Buckridge Flats Apt. 428",Poblacion,Sipalay,Palawan,Philippines,524-108-686,"+63 (989) 662-9919","Collins, Altenwerth and Crona",http://www.maggio.biz/quia-debitis-et-reiciendis.html,"Drycleaning Machine Operator",teal,2010-01-31,nhalvorson@wyman.com,F(wS69KRsr
b6150dca-0abd-3196-ab91-8609da3eb1a3,Mrs.,Terrill,Buckridge,"48/52 Donnelly Port Apt. 768",Poblacion,Mati,Biliran,Philippines,213-306-890,"(0907) 494-5517","Crona, Bins and Witting",http://www.feeney.com/quaerat-sit-qui-consectetur-eos-qui-reprehenderit,Fitter,gray,2018-04-08,vvonrueden@gmail.com,':&`x/>-B$^
a721dcf1-55a5-3bae-8158-e5e360e92e6f,Dr.,Irma,O'Reilly,"02A Ferry Gateway Apt. 731",Poblacion,Tagum,"Surigao del Norte",Philippines,902-430-021,"+63 (936) 247-5589","Johns Group",http://boyle.net/,"Slot Key Person",green,2014-02-22,wuckert.rachael@yahoo.com,^gkn@!lg?P+]cz3_
767c88bd-878c-3d29-8a50-4462f04232d1,Prof.,Kian,Kub,"41/61 Leannon Ways Apt. 381",Poblacion,Dipolog,Maguindanao,Philippines,806-001-755,"+63 (996) 174-5525","Marks, Towne and Kub",https://www.ankunding.com/optio-error-ipsum-nam-labore,Roofer,teal,2022-08-24,sim63@gmail.com,zLu0ph
e54f718a-59ea-399c-8904-6fd95698ecf5,Mrs.,Uriel,Osinski,"49/64 Cummerata Walks Suite 402",Poblacion,Sagay,Ifugao,Philippines,461-610-924,"(0916) 963-0979","Mante PLC",https://kerluke.com/rerum-ad-praesentium-dignissimos-nihil-iure-sunt-cupiditate.html,"Freight Inspector",green,1973-06-23,lilyan20@orn.com,bGtUHqrC
d35e1ad4-1fa2-3a07-b2c7-2d6487587ece,Miss,Caroline,Ebert,"43A Bradtke Radial Suite 469",Poblacion,Sagay,"Dinagat Islands",Philippines,304-645-665,"(0906) 733-1052","Klocko Ltd",http://www.blanda.net/blanditiis-iste-vel-excepturi-facilis-non-nobis-pariatur-in,"Drywall Installer",fuchsia,2013-12-18,bwaelchi@hotmail.com,2G;Ahw)G8!C7x/M7D/L@
23ef19ff-1d0c-33ab-a5d5-75e7d6cfc34a,Dr.,Queen,Walker,"11/11 Turner Roads",Poblacion,"Davao City","Dinagat Islands",Philippines,350-595-257,"(0949) 513-8161",Goyette-Bernier,https://howell.net/et-maxime-dignissimos-eaque-minima-voluptates-ut.html,"Power Plant Operator",black,1986-08-24,rleannon@gmail.com,"OGr""cOVL|u9W(^p!"
dd0b30ca-a883-3446-8377-ad042ecaa82b,Miss,Elfrieda,Buckridge,"60 Streich Views",Poblacion,Tandag,Biliran,Philippines,745-674-910,"(0938) 703-0884","Medhurst, Ritchie and Lowe",http://koss.biz/ipsum-et-deserunt-aut-fugit,"Oral Surgeon",teal,1979-08-14,barbara.batz@white.net,"L9uty9kS\"
92e0df5d-c79f-3b04-b9e1-eb62bec00735,Dr.,Oswald,Renner,"65A/28 Kuhn Parkway",Poblacion,"Sorsogon City","Eastern Samar",Philippines,375-386-361,"(0920) 062-7833",Adams-Dooley,http://www.cartwright.com/voluptas-cumque-neque-quisquam-culpa-aut-aliquam-expedita.html,"Industrial-Organizational Psychologist",gray,2010-11-05,hagenes.wilhelm@gmail.com,$`jqYN!z7CHYG8w5JR>
2da0aebd-68d2-3f94-949f-40da82f58145,Ms.,Florida,Skiles,"12A/37 Upton Ford",Poblacion,Sagay,"Nueva Ecija",Philippines,450-841-915,"(0920) 002-0474","Larson Ltd",https://www.schmidt.com/quo-et-et-saepe-sequi-consectetur-labore-sed-suscipit,"Commercial Pilot",fuchsia,1972-10-27,saul75@gmail.com,EO2uj9yK'j^$i
c21fe5ad-58b4-3593-b153-e41c9e9e83f1,Mrs.,Alvis,Gerlach,"82 Rohan Shoals",Poblacion,Panabo,Albay,Philippines,314-270-300,"(0934) 787-4295","Renner, Kassulke and Parisian",http://www.brakus.com/,"Food Scientists and Technologist",white,2001-06-09,mertie.price@klein.com,"_,lC.q$A}4;xZ\G"
d3c39fe7-9bf4-3036-bce6-69e9c7ba57ca,Prof.,Celestino,Ferry,"01A Littel Centers",Poblacion,"Puerto Princesa","Metro Manila",Philippines,518-713-552,"+63 (919) 976-6427",Jones-Greenfelder,http://www.paucek.com/error-at-repellat-inventore.html,"Forest Fire Fighter",gray,1994-06-01,stamm.ted@hotmail.com,3%Ns%>J^jlXf!kDH'
ff21ea05-f7f0-3a65-b8d9-98ddfcedd9cf,Prof.,Beaulah,Ritchie,"00A Hintz Lake",Poblacion,Dipolog,Basilan,Philippines,874-605-558,"+63 (946) 445-1188",Cassin-Kshlerin,http://dubuque.net/eveniet-eos-eaque-libero-velit-quae,"Social Service Specialists",white,2009-05-28,grady.edna@gmail.com,)lWMpwv+hiA$kQ]/*
cbdb77f3-b339-3479-a5c8-b2bbf81a448f,Ms.,Darron,Stracke,"80A Beatty Centers",Poblacion,Mati,"Agusan del Sur",Philippines,904-313-416,"+63 (937) 914-5761","Lang Group",http://www.hessel.org/ullam-est-dolor-fugit-quia-tenetur-aspernatur.html,Webmaster,maroon,2022-03-17,meda.rogahn@yahoo.com,"3y""6ybka"
656ca5e9-2792-32e2-bdc4-f73ce2f02123,Prof.,Angelo,Bauch,"81A Pagac Inlet Suite 825",Poblacion,"Zamboanga City","Mountain Province",Philippines,213-634-409,"(0996) 597-1555","Monahan, Stokes and Sawayn",http://www.denesik.biz/eum-perferendis-voluptatem-rerum-modi-autem-saepe-est.html,"Emergency Medical Technician and Paramedic",silver,1994-11-01,roxanne76@bayer.org,xS=2vi]`|6hdz
1e20317a-5e1f-3e78-b7d4-910ed9dce503,Mr.,Ezequiel,McCullough,"07A Mante Roads",Poblacion,Tabaco,"Ilocos Norte",Philippines,737-865-306,"(0900) 836-9563",Hane-McLaughlin,http://www.wisoky.com/iure-possimus-aperiam-aut.html,"Transit Police OR Railroad Police",green,1991-05-29,pearlie.durgan@cartwright.com,"p]:1FT{:[B^*u,*l>Nm"
bef16262-7581-3ae5-ac7c-d196d872832c,Mrs.,Arnold,Koss,"26 Jacobi Dale Suite 695",Poblacion,Sipalay,Laguna,Philippines,769-186-243,"(0996) 804-1326","Runolfsdottir Group",http://www.price.org/rerum-enim-repellendus-alias-optio-magni-veniam-dolore.html,"Telephone Operator",purple,1987-11-07,janessa.cole@yahoo.com,0ifb6WQE
1cf04706-f2e4-39bb-9975-07f0a5d80b82,Mrs.,Geovanni,Emard,"98/93 Hoeger Valleys Suite 096",Poblacion,Bogo,Camiguin,Philippines,822-655-438,"+63 (979) 239-6624","Parker Inc",http://www.kreiger.com/dolor-dolorum-voluptas-nesciunt-voluptate,"Medical Scientists",lime,1989-05-01,judd78@ferry.com,Z[.c{9YG6:<;
ea4c12a4-f8c1-3b12-bfbf-4de9912aef8a,Dr.,Brenden,Moen,"39/48 Roberts Spurs",Poblacion,Dumaguete,Siquijor,Philippines,783-136-850,"+63 (900) 937-5823","Abshire Ltd",http://nolan.com/,"Portable Power Tool Repairer",navy,1990-12-17,misael.jenkins@predovic.com,&|P7f()1-lj-VL1uTFl
551f99f3-9a60-3253-bbe7-08a3633998e8,Mr.,Akeem,Bailey,"61A/30 Kerluke Brook Suite 513",Poblacion,Oroquieta,Iloilo,Philippines,064-146-822,"+63 (974) 074-6636","VonRueden, Eichmann and Moen",http://schaefer.net/,"Database Administrator",purple,1990-04-30,lauriane65@wilderman.com,"&259\KJ"
d2c2f805-2f5a-3285-8a1d-87409581484d,Ms.,Myrtice,Goyette,"62A/44 Greenholt Hollow Apt. 092",Poblacion,Tagbilaran,"Metro Manila",Philippines,136-878-263,"+63 (921) 112-0846","Schaden Group",http://mccullough.info/,Grips,navy,1999-12-05,marcelino.connelly@rohan.com,"Z7_Gu]<6!xP[S^,gb"
c8e809c2-6f67-3404-82ed-c09a15321903,Prof.,Darren,Schimmel,"52 Lubowitz Isle",Poblacion,"Cagayan de Oro",Aurora,Philippines,247-025-145,"+63 (948) 302-7152","Russel, Ortiz and Denesik",http://bins.info/temporibus-maxime-corrupti-odit-omnis-sint.html,"Automotive Mechanic",green,2022-09-08,larkin.brennan@yahoo.com,7?kMiGPva!ODaB7lM6
b93637c6-f508-3c3f-9a30-c57b799bfaa5,Mrs.,Christa,Corwin,"21/27 Leffler Causeway",Poblacion,Ilagan,Antique,Philippines,538-842-137,"(0971) 354-9245",Morar-Tremblay,https://hegmann.org/ducimus-est-odit-dolorem-totam-cumque-consectetur.html,"Fabric Mender",black,1983-10-27,qwatsica@pouros.info,zZO@KX'Px^2(uf)
3dbade9b-d2ea-3e80-af00-93c9fa0c0588,Dr.,Bernadette,Schmidt,"64A Mayert Bypass",Poblacion,Biñan,Quezon,Philippines,021-999-724,"+63 (932) 134-7743",Marquardt-Crona,http://bailey.org/voluptatem-ratione-reprehenderit-id-sint.html,"Public Relations Manager",aqua,2022-03-06,mritchie@yahoo.com,"O?):>a.',"
762a3948-a90f-3d17-a982-c32f6aef3b69,Dr.,Gabriella,Lesch,"31A/63 Mohr Mountain Apt. 075",Poblacion,Isabela,"La Union",Philippines,051-538-871,"+63 (949) 691-7398",Medhurst-Glover,http://stiedemann.com/eos-quisquam-consectetur-dolorum-omnis-nihil-qui-non-magnam,"Child Care Worker",fuchsia,2008-02-28,yrosenbaum@okuneva.com,~R)r1$s9XO^&
f8904048-60b2-3875-ab6d-2807f0eaa551,Mrs.,Kayla,Bednar,"31/36 Becker Ville Suite 680",Poblacion,Lapu-Lapu,Bulacan,Philippines,492-116-705,"(0946) 863-2590",Bradtke-Lind,http://howell.biz/consequuntur-ut-ut-nulla-animi,"Door To Door Sales",olive,1982-12-10,anika94@nader.com,"_F*xf5{E+1>al3,"
61fd12e7-01e2-359e-8eb0-d2a4d382c0cb,Dr.,Josephine,Barton,"51 Turcotte Branch Apt. 838",Poblacion,"Surigao City","Southern Leyte",Philippines,641-680-581,"(0932) 902-5609","Jakubowski, Johnson and Hyatt",http://gottlieb.com/ab-ex-alias-et-id-facilis-vitae-optio,"Real Estate Sales Agent",green,1977-05-03,orrin.miller@hotmail.com,"Y*HL:R,P+FbI6H"
97d51dc7-d439-358b-8b9f-eb0344069f9b,Mr.,Ebba,Balistreri,"36A/93 Kautzer Valley",Poblacion,Maasin,"Nueva Ecija",Philippines,453-180-654,"(0946) 980-0153","Hintz Group",http://www.dickinson.com/,"Forest Fire Fighter",yellow,1980-04-23,piper51@ondricka.com,uk.+$FL|zZ5yggx@3gH
ebfcd797-941d-3f97-a85d-3b42c4cf7c07,Ms.,Candelario,Auer,"72 Wilkinson Streets",Poblacion,Bacoor,"Davao Oriental",Philippines,685-168-361,"+63 (980) 976-2001",Krajcik-Jenkins,http://www.ritchie.info/voluptatibus-at-eos-voluptatem-tempore-earum-dolorem-a.html,"Talent Director",green,2006-06-21,schultz.emelie@runolfsson.info,ikSp_|im5w2(
d2f089f7-7c85-3c8f-8e93-412584c03ff6,Ms.,Crystal,Hilpert,"48A/47 Raynor Knolls",Poblacion,"Las Piñas",Rizal,Philippines,045-128-520,"(0906) 514-3468","Ledner, Schmidt and Smith",https://koepp.com/tenetur-non-cum-amet-ullam-aperiam.html,"Conveyor Operator",navy,1976-07-25,cremin.jodie@okuneva.com,"`}Q\8{96M"
cbd9e849-f097-3ccb-a1ef-6b2e4d0ee6d3,Prof.,Christy,Bahringer,"81A King Circles Apt. 416",Poblacion,Batac,Apayao,Philippines,502-814-924,"(0948) 374-8328",Rice-Heller,http://www.cummerata.com/,"Electronic Masking System Operator",navy,2021-08-27,kunze.bud@gmail.com,"j\Vn'S"
7b76d4bb-3de5-3881-b7dd-0ba06b07d167,Dr.,Celestino,Greenfelder,"92 Wintheiser Meadow Apt. 173",Poblacion,"Tarlac City",Pangasinan,Philippines,840-533-666,"(0926) 177-7527","Pollich and Sons",http://emard.org/,"Glass Blower",aqua,1980-05-24,fpredovic@bogisich.biz,"#""N5u5-CAEbn"
eaf64f77-4abf-3c4a-af53-bb38e521e8ca,Prof.,Maribel,Jacobson,"87A Kunde Junctions",Poblacion,Ligao,Biliran,Philippines,090-292-635,"(0927) 270-8883","Hammes, Fahey and Corwin",http://www.schimmel.org/ullam-error-aut-officia-ipsum-voluptate.html,"Maintenance and Repair Worker",silver,1999-05-14,jefferey.stracke@hotmail.com,i-P.}jHG^m#
84e4bef0-3f7f-3c6a-92e9-018d84dd641c,Mr.,Cydney,Haag,"57/44 McKenzie Land",Poblacion,Tabuk,Basilan,Philippines,771-885-828,"+63 (997) 038-5787","Langworth, Harris and Pagac",http://www.wisozk.com/qui-et-qui-fuga-laboriosam-nam-nulla-veritatis-incidunt,"Physical Therapist",yellow,1986-11-20,wyman.dortha@kshlerin.com,1g4Pfw|Lg`j6
50c6bdaa-bda4-35fc-877e-0575af883c4f,Mr.,Carley,Williamson,"84/60 Lind Hill",Poblacion,"La Carlota",Aklan,Philippines,328-359-580,"+63 (908) 428-9208","Kunde Inc",http://moore.biz/fugiat-sed-iste-quo-nisi-aut,"Log Grader and Scaler",navy,1977-01-07,umarks@mayert.biz,tr0i{oyNSPhmS
91e603d0-c2ac-36b8-a47e-7e00098deb4d,Ms.,Ronny,Krajcik,"89/76 Bins Throughway",Poblacion,"La Carlota","Zamboanga del Norte",Philippines,741-776-221,"+63 (973) 841-5427","Casper and Sons",https://www.weber.net/aperiam-qui-cumque-possimus-animi-nobis-id-voluptatem-perferendis,Geoscientists,green,2001-12-02,cartwright.maxime@hotmail.com,"v%""=R_nx[:YrrFFE"
f3692b4c-0f2d-310e-abfc-3c5bf2a8f396,Dr.,Bettye,Kiehn,"01A Schuster Port",Poblacion,Talisay,Masbate,Philippines,556-856-161,"+63 (925) 813-2280","Herzog Ltd",http://www.baumbach.org/ut-expedita-placeat-voluptatum-et-voluptatem,"Dragline Operator",maroon,1997-07-08,cbrakus@hotmail.com,H!}S7LgabqN?I/)P
c7300dce-f4b7-31a2-a1b1-041e47f5fd35,Prof.,Jarred,O'Reilly,"68 Schumm Well Apt. 944",Poblacion,"Santa Rosa",Masbate,Philippines,028-770-639,"(0997) 458-0034","Cremin, Heaney and Dickinson",http://www.will.com/et-velit-eum-aut.html,"Conservation Scientist",silver,1978-07-31,enid78@barrows.com,c~nnE4y[^WJ
4832a827-4b68-3d84-ba9c-8a2b39b0438b,Mrs.,Salvador,Macejkovic,"53 Luettgen Mills",Poblacion,Victorias,"Compostela Valley",Philippines,995-838-326,"+63 (922) 190-1716",Hodkiewicz-Osinski,http://hills.info/,Statistician,gray,2017-05-05,pgislason@hotmail.com,"uo+Y""J08KP|'"
41ea824b-ea3c-36be-a007-1b8a513d8c73,Prof.,Sabryna,Fadel,"69A Lowe Spur",Poblacion,Danao,Bohol,Philippines,477-019-035,"+63 (979) 158-6678","Herzog PLC",http://nader.com/optio-nesciunt-error-similique-expedita,"Architectural Drafter",white,1983-05-07,elton35@gerlach.biz,cVV@?]={bY5
6723eaf1-fb54-36ae-8448-b450633a196e,Mr.,Deonte,Emard,"87A Emard Turnpike",Poblacion,"Las Piñas","South Cotabato",Philippines,487-709-750,"+63 (946) 497-9936","Carroll, Green and Mann",http://ohara.org/ipsam-voluptatum-cupiditate-sunt-est-velit,"Textile Cutting Machine Operator",navy,1975-06-16,stewart98@oconner.com,"4^JM""5UR3,pD;"
75dcb670-8c26-3628-b95c-795f0e034fac,Miss,Rupert,Kiehn,"91A Kuphal Crossroad Suite 516",Poblacion,"San Juan",Batangas,Philippines,641-489-681,"(0994) 320-2271","Mayert Ltd",http://www.wilderman.com/libero-repellat-culpa-repudiandae.html,"Financial Analyst",navy,2015-05-02,bechtelar.travis@kerluke.com,#qw=X@)<
90234562-a726-36eb-8179-cab0410ea780,Mrs.,Creola,Wehner,"27/52 Aufderhar Brook Apt. 823",Poblacion,Butuan,Ifugao,Philippines,406-272-932,"(0948) 605-8147","Bashirian PLC",http://www.robel.com/minima-earum-dolorem-ea.html,Inspector,olive,2013-02-08,koelpin.ebony@gmail.com,")56x,v}mb&RMY`("
5f3328ae-fb39-341f-99ef-805ab8abe5c5,Prof.,Kasey,O'Connell,"38 Dooley Causeway Suite 966",Poblacion,"Masbate City",Sulu,Philippines,866-821-131,"(0971) 949-9053",Bailey-Pollich,http://terry.com/ipsam-illum-qui-commodi-molestiae-ex-blanditiis-nesciunt,"Life Scientists",maroon,1978-09-20,gleason.reanna@gmail.com,6#7o|;MN+.3b!i{$
ee2d5c99-2532-3945-9239-0ba35b4f5919,Miss,Hal,Tromp,"72/14 Feil Crest",Poblacion,Bago,"Misamis Occidental",Philippines,273-435-629,"(0911) 336-7477",Schiller-Glover,https://ledner.info/vero-recusandae-minus-maxime-odit.html,Butcher,gray,2010-02-28,raven.turcotte@gmail.com,c*xhMsB(
bfadb60b-aa05-355a-a24d-2eee0c972f02,Prof.,Eloisa,Schaden,"11 Kirlin Plaza",Poblacion,Dumaguete,Bukidnon,Philippines,216-963-781,"+63 (932) 788-5027",Goldner-Cummings,http://www.kunde.info/blanditiis-porro-quos-voluptatem,"Registered Nurse",fuchsia,2000-06-29,nichole86@yahoo.com,N%oXqQ!@PmKr.
dae19b41-1e98-36c8-bc2c-2ec9e8d01aa1,Dr.,Reggie,Littel,"48/61 Sauer Lake Apt. 601",Poblacion,Legazpi,Benguet,Philippines,609-320-238,"+63 (946) 531-7103","Ernser and Sons",http://wisoky.com/,"Pipelaying Fitter",olive,2013-12-03,langosh.mose@block.net,"""3%u`qv"
f03fae3f-1ade-3558-9c18-f932a3ae4eb6,Ms.,Ariel,Feeney,"87/19 Hermiston Green Apt. 246",Poblacion,"Puerto Princesa",Pangasinan,Philippines,660-146-516,"+63 (909) 807-7002",Wisoky-Greenfelder,http://www.adams.com/,"Motorcycle Mechanic",yellow,2023-04-09,brandi32@haag.com,z(1_NN89X<8
ace672a2-e956-30ba-aef5-50c976a5ecd1,Dr.,Jovani,Koss,"37/31 Hilpert Roads Apt. 165",Poblacion,Carcar,Samar,Philippines,852-572-742,"(0923) 258-9359","Lesch PLC",https://purdy.info/blanditiis-et-mollitia-sint-expedita-perferendis.html,"Forensic Science Technician",maroon,2008-02-02,shields.madelyn@gmail.com,"S\38J.TK#Iy"""
83d2076a-03e3-3507-a3f3-3dbdd726e76d,Dr.,Robin,Cartwright,"70A/17 Wolf Rapid Apt. 151",Poblacion,Bayawan,"South Cotabato",Philippines,524-838-375,"+63 (929) 319-1981",Nikolaus-Farrell,http://hayes.com/enim-minima-ut-qui-minima-nesciunt-nostrum.html,"Word Processors and Typist",maroon,1974-02-28,jaylin.jaskolski@hotmail.com,+X`<Hu^`WYF|]s
93955211-f028-3b3b-82a9-018236ee3d32,Dr.,Ebony,Gutkowski,"59A Spencer Plain",Poblacion,Oroquieta,"Misamis Oriental",Philippines,968-517-497,"(0917) 827-6121","Beer Ltd",http://weimann.com/in-fugit-architecto-et-eos,State,fuchsia,2016-06-08,kira90@gmail.com,hP</95u;_)@w!eV'4TG2
64c71f07-7bdc-319b-a7f8-0b5af06892b3,Prof.,Larry,Runolfsson,"75A/52 Monahan Brook",Poblacion,Lamitan,"Nueva Vizcaya",Philippines,335-601-149,"(0915) 461-5699","Frami and Sons",http://abshire.com/distinctio-cumque-illum-enim-eos,"Machine Operator",silver,1977-02-10,rosetta.mante@hotmail.com,"AQ{35ytV7pUcU{<m6\_"
5a932539-3d33-31e0-af29-fb71788cc3d0,Miss,Stone,Schmeler,"64/65 Hessel Ridges Apt. 302",Poblacion,Isabela,"Sultan Kudarat",Philippines,634-505-050,"+63 (919) 712-4517",Deckow-Baumbach,http://www.larson.org/,"Coating Machine Operator",blue,2010-05-13,jacobi.juliana@berge.biz,)qn~O'hizG/J
02ad6f8b-83ac-38ad-9441-64a8dbdc1fb4,Mr.,Laurianne,Rau,"54 Abbott Ridges Suite 366",Poblacion,Meycauayan,"Mountain Province",Philippines,990-574-550,"+63 (900) 854-6842",Bruen-Parisian,http://www.watsica.biz/velit-beatae-repudiandae-eaque-et-quo.html,"Medical Assistant",teal,1985-12-08,wpollich@yahoo.com,g'm>RU[I]_^?m:'x
c852ebad-c90c-3b49-9ef5-f1de7f136790,Prof.,Gwen,Heidenreich,"07A/21 Will Manors Suite 516",Poblacion,Maasin,"Ilocos Sur",Philippines,546-290-727,"+63 (930) 976-3391","Kiehn, Rodriguez and Bernhard",http://reichel.com/perspiciatis-hic-qui-dolorum-enim,Butcher,black,1995-06-14,darwin01@spinka.com,B8_1bc:T
4b858653-b10e-3a75-8c69-0b990afa1350,Dr.,Antonina,Hirthe,"74A/89 Purdy Hollow Apt. 992",Poblacion,Silay,Benguet,Philippines,242-342-994,"(0974) 743-3604","Terry PLC",http://schumm.biz/rerum-praesentium-soluta-consectetur-consectetur,"Waste Treatment Plant Operator",yellow,1973-08-03,schoen.kamren@yahoo.com,f^O2Ry4[>LI
7a0deaed-5c5a-3fd8-8e4b-11e2d1a8dbe7,Prof.,Alberta,Legros,"70A Dibbert Views Suite 614",Poblacion,Bacolod,"South Cotabato",Philippines,348-484-773,"(0989) 132-6462","Beatty and Sons",http://schiller.com/incidunt-distinctio-dolorem-harum-aliquam-ut-nemo,Embalmer,lime,1981-10-24,diana.schumm@abernathy.com,v._Vc6I#0Q)
9458021a-6f17-3958-9c92-8c364581e3af,Dr.,Kara,Deckow,"50/37 Hill Landing Suite 842",Poblacion,Meycauayan,Isabela,Philippines,189-368-969,"(0946) 271-0799",Prohaska-Fadel,http://www.schaden.biz/quia-ullam-corrupti-voluptatum-cumque-quis-aut-est-est,"Municipal Clerk",black,2012-03-15,karlie20@mayer.com,]q9o#jO
55a147b1-41e2-30f6-a7a7-086de35e70fb,Ms.,Valentin,McClure,"60 Collins Locks",Poblacion,Sagay,Leyte,Philippines,006-458-981,"(0909) 471-8106",Friesen-Collier,http://www.heathcote.com/qui-laboriosam-qui-fugit-quam-veritatis-aspernatur.html,"Video Editor",fuchsia,2008-07-27,ghudson@weimann.info,"?=sH,\G{O_Gb<]:V\"
e87dfd12-b31f-3eed-987d-b3b774923586,Mr.,Osbaldo,Will,"57A/57 Lynch Port Suite 076",Poblacion,"La Carlota",Pangasinan,Philippines,839-231-349,"+63 (940) 227-4125",Lakin-Dach,https://leffler.biz/neque-quo-quas-dolores-distinctio.html,"Communications Equipment Operator",blue,1979-10-16,abahringer@hermiston.com,z`eO1'*NAkhjU_;gaU
8b30e9fb-0e19-3bd1-8294-0db330d193f3,Prof.,Madisyn,Considine,"43 Armstrong Mission",Poblacion,Carcar,Cebu,Philippines,513-140-821,"+63 (929) 147-3555","Gibson, Koss and Heaney",https://marvin.com/dolorem-beatae-sit-quod-nobis-natus-aliquid.html,"Precious Stone Worker",blue,2019-10-01,cbergnaum@gleichner.net,uHJ@EYQPPg:!|W#
29327a29-f142-3911-97d2-40f5c40f9ee3,Prof.,Toney,Friesen,"29A/90 Braun Street Suite 097",Poblacion,Legazpi,Zambales,Philippines,429-168-383,"(0978) 719-7419",Schneider-Bins,http://gislason.com/maxime-eveniet-quam-aut.html,"Brazing Machine Operator",green,1997-01-30,rosanna59@hotmail.com,#uH6K](h2UE&=Ns<2
23d25279-3d10-3858-8411-b12df669de92,Prof.,Amiya,Adams,"55 Lind Junction Apt. 268",Poblacion,"San Pedro","Davao del Norte",Philippines,265-008-750,"(0931) 007-5822","Jacobi LLC",http://bartoletti.com/,"Cost Estimator",maroon,2013-01-12,hegmann.johnny@miller.info,8fnnhI]rnOd@
92523975-5fdf-3217-836b-2ec2ce855e93,Mr.,Dell,Bosco,"42/60 Lowe Overpass Suite 783",Poblacion,"Cavite City","Zamboanga del Norte",Philippines,904-279-101,"(0998) 155-7327",Boehm-Jaskolski,http://www.witting.com/itaque-quaerat-esse-et-quia-fuga-voluptas-earum-quam.html,"Correspondence Clerk",green,2020-10-29,joshua.bayer@hotmail.com,/(h'qn?U4tK
032d00a9-ef77-35f8-8bbb-fa8dbcfde83c,Prof.,Gussie,McCullough,"64 O'Conner Brook",Poblacion,Tagbilaran,Bohol,Philippines,841-708-463,"(0947) 462-3163","Orn, Douglas and Schmidt",http://www.hegmann.biz/,"Distribution Manager",aqua,2010-03-25,cole.mariano@collier.com,"lsX,;KMY""T#7?"
7b5f5ab2-c207-3252-b8ce-8094756700db,Dr.,Victoria,Macejkovic,"90 Batz Knolls",Poblacion,Lamitan,Romblon,Philippines,920-762-398,"(0905) 528-9071",Lemke-Wilkinson,http://www.larson.com/reprehenderit-est-dolore-et-ab-cum-laborum-voluptatem,"Food Science Technician",navy,2016-03-08,rau.nolan@gmail.com,`GwOJ]#mFA.eaN
953df3d9-b28b-3140-b71f-27ed29b11b54,Prof.,Taylor,Christiansen,"77A McGlynn View Apt. 191",Poblacion,Alaminos,Palawan,Philippines,859-029-339,"+63 (938) 653-6074","Feest PLC",http://west.biz/,"Ceiling Tile Installer",lime,1983-01-12,xstanton@gmail.com,"l9o\J|"
b03d41f2-274b-35b1-938a-01aa4df6c06f,Prof.,Alycia,Daugherty,"83A Prosacco Path Apt. 297",Poblacion,"El Salvador","Davao Oriental",Philippines,081-120-533,"(0926) 899-2756","Herzog PLC",https://www.kulas.com/exercitationem-ut-exercitationem-eos-quos-sapiente-dolor,"Forestry Conservation Science Teacher",lime,2011-05-30,nellie85@hotmail.com,u0[~MdJEyBJ
b5660b85-b078-3c2f-b577-c672aa8f10d4,Dr.,Wendell,Shields,"81/31 Hegmann Cliffs Suite 851",Poblacion,"La Carlota",Biliran,Philippines,801-275-821,"+63 (920) 910-0788",Considine-Cremin,https://hessel.com/in-vel-magni-natus-omnis.html,"Insurance Investigator",silver,1983-05-31,hickle.sofia@lynch.com,"ctQ@1I""3""j'"
3ee309c7-c3f3-3201-833e-0d9071c5b39c,Mrs.,Angela,Block,"52A Wilkinson Station",Poblacion,Borongan,"Eastern Samar",Philippines,247-519-523,"(0905) 825-8212","Boyle, Grady and Hand",http://www.kling.com/aut-nostrum-sed-et-nulla.html,"Naval Architects",purple,2009-11-26,jay.block@tremblay.net,"^4z&O$>tR[m,_ll3&(``"
f19e054b-a687-3188-ab36-d2c37d575af9,Ms.,Colby,Runolfsdottir,"18/55 Sanford Ferry",Poblacion,Gapan,"Metro Manila",Philippines,232-198-447,"(0997) 527-4062","Witting, Okuneva and Turcotte",http://www.herman.com/error-itaque-tempore-ab-itaque-et-dolores-libero-enim.html,Chef,purple,1987-03-23,jermey.jerde@hintz.biz,+:S;xb]a~
8ee97f72-49a9-3ae1-bfb6-5f759e2a1b70,Dr.,Jovani,Bashirian,"25 Collier Court",Poblacion,Bago,Palawan,Philippines,368-892-991,"+63 (935) 338-0002","Marquardt PLC",https://kuhic.com/ratione-harum-rerum-et-unde-voluptatem-blanditiis-rerum-porro.html,"Postal Service Mail Sorter",lime,1985-11-17,schmitt.karen@oberbrunner.com,V{RgS]
d2e6982b-ddc2-340e-a17a-49d6cf480d39,Prof.,Maribel,Hand,"16/44 Buckridge Ridge Suite 221",Poblacion,"Cotabato City","La Union",Philippines,811-488-072,"(0917) 383-3023","Von, O'Connell and O'Reilly",http://www.koelpin.com/perspiciatis-minus-qui-distinctio-architecto-ducimus.html,"Ship Mates",navy,1980-12-01,thompson.orpha@watsica.info,"<47J]C^y1xR0`Plh\F#"
1f4f98e5-2b12-36e8-93c1-62539f7651c8,Ms.,Geovany,Gottlieb,"14/62 Padberg Tunnel",Poblacion,Candon,"Ilocos Sur",Philippines,180-700-262,"(0935) 543-6181","Botsford Inc",http://gottlieb.biz/ipsum-quis-aut-esse-et-velit,Pipefitter,teal,2017-01-30,hertha96@damore.org,^|7lINo'f_[~(K(
a3a47bae-8196-3e3e-8988-a32df2f87d57,Miss,Nicholaus,Padberg,"88 Rohan Corners",Poblacion,Ilagan,Cebu,Philippines,625-874-358,"+63 (978) 786-7421","Welch, Rempel and Rempel",http://schultz.net/molestiae-dolorem-omnis-asperiores-laboriosam-id-et-voluptate-aut.html,"Numerical Control Machine Tool Operator",white,1982-08-06,johathan.muller@treutel.org,"EItg,/F9qRDz^bC"
34d6edac-0a87-3e6d-978b-a2e7b33e0ff5,Dr.,Kaitlin,Cronin,"04A Kuhic Mews Apt. 454",Poblacion,Cabuyao,Pampanga,Philippines,646-679-932,"+63 (930) 578-3245","Bechtelar, Ankunding and Becker",http://hyatt.com/cum-velit-est-modi-eius-numquam-nostrum-a-labore,"Pesticide Sprayer",gray,1982-08-24,ullrich.pansy@yahoo.com,Q*JGyaa$|@
eecffde3-9e5d-3fea-811d-07a6f4748e3a,Dr.,Americo,Franecki,"25/41 Murray Ford",Poblacion,Dasmariñas,"Davao Oriental",Philippines,643-232-281,"(0900) 897-6610",Hayes-Stark,http://brown.com/perferendis-rerum-ea-dolorem-aliquam,"Forming Machine Operator",gray,2003-01-18,turner.trey@goodwin.com,6ydAj.?I`)SF5
170f68b9-6b53-35e4-8e72-c292572ebfb9,Mr.,Gillian,Ernser,"41A/11 Wyman Spurs",Poblacion,Laoag,Tawi-Tawi,Philippines,539-846-178,"(0997) 194-9439",Mayert-Howell,https://www.kiehn.org/voluptas-non-beatae-perferendis-ullam-nostrum-quibusdam,"Locker Room Attendant",fuchsia,2016-12-15,xwilkinson@quitzon.com,"11[y$t'YQ\inIQc!w2=T"
8ba48483-ace5-3140-9077-290b498f704f,Prof.,Chaim,Hamill,"66/13 Borer Fields Suite 132",Poblacion,"Surigao City",Bataan,Philippines,828-189-768,"(0929) 225-4698",Eichmann-Ryan,https://vonrueden.com/quos-maiores-magni-aliquid-ut-non-inventore-est.html,"Financial Specialist",olive,2013-02-02,jackeline.wolf@hickle.net,=a1.TQ8
84293f55-9519-3866-9d38-f0fd7a09308c,Mr.,Ayana,Kassulke,"15A Borer Roads Apt. 515",Poblacion,Talisay,"Agusan del Sur",Philippines,391-574-940,"(0930) 124-7501","Kilback and Sons",https://dibbert.biz/quaerat-voluptate-eum-qui-dignissimos-in-tempore-accusantium.html,"Sawing Machine Operator",aqua,2010-09-19,fhudson@swaniawski.com,Dmc9<o6+$&v
dcb7eb12-dd81-35f2-a675-005f8890c3ae,Prof.,Ryleigh,Pouros,"43A Douglas Lock",Poblacion,Angeles,"Surigao del Sur",Philippines,510-796-038,"+63 (919) 744-6041",Pfeffer-Paucek,https://damore.com/neque-aliquam-alias-expedita-non-itaque-culpa.html,"Materials Scientist",purple,1977-03-06,marvin.cassandre@auer.com,"'3Fm#8K~!\}C{dOy${3"
6881b6f6-6aae-3b6a-acd1-11e9974f42cf,Miss,Cassandre,Spencer,"61 Mraz Wall Apt. 503",Poblacion,Lipa,"La Union",Philippines,345-426-826,"(0817) 501-8533","Leffler, Mayert and Greenholt",http://www.cassin.com/aut-qui-blanditiis-earum-ut-veritatis,"Alteration Tailor",blue,1989-01-07,mcruickshank@quitzon.com,necre@|p:vpmE_m^
ab837162-4d96-3992-90ed-f57fea52cb10,Ms.,Pearline,Grant,"64A Lueilwitz Junctions Suite 792",Poblacion,Laoag,Aurora,Philippines,177-623-718,"+63 (974) 976-1935","Willms Ltd",http://www.little.com/molestias-facere-atque-debitis-aliquid,"Military Officer",fuchsia,2009-10-03,lleannon@gmail.com,"|-/zx!W(9//X>sg,wxr5"
11e8c3ae-245a-3324-b878-9be159d96b01,Miss,Isidro,Graham,"55 Stokes Shoal Apt. 187",Poblacion,Bislig,Apayao,Philippines,398-549-083,"+63 (938) 540-1736","Pagac, Schiller and Pfannerstill",http://www.mann.com/,"Boat Builder and Shipwright",teal,2004-05-09,saltenwerth@bauch.com,`NY1sK@ui|;tk
a4e2a37f-02ce-39eb-be82-0365d374df28,Mrs.,Robin,Green,"45/22 Bailey Stravenue Apt. 050",Poblacion,Tabaco,"Nueva Ecija",Philippines,259-665-178,"(0930) 953-7815","Heller, Crona and Smitham",http://www.botsford.info/autem-ut-voluptatibus-consectetur-saepe,"Transportation Equipment Painters",olive,2014-07-07,amraz@yahoo.com,0t8=V4(7c.[9%uJpWM}
27c497e1-c3cc-3f34-ac36-97d43b424ec3,Mr.,Robin,Grady,"28A Wiza Circles",Poblacion,"Davao City",Catanduanes,Philippines,646-345-625,"(0919) 585-9843","Nolan LLC",http://www.oberbrunner.net/,"Plating Operator OR Coating Machine Operator",lime,1994-07-27,victoria.turner@keeling.com,l`Fo|!y
9c0f0324-1dc1-38de-95dc-96927fc4d179,Dr.,Sylvan,Robel,"43A Keeling Skyway",Poblacion,"Tarlac City","Sultan Kudarat",Philippines,169-521-313,"(0906) 248-3686","Ebert LLC",http://hahn.org/magni-dolorum-numquam-eos.html,"Cutting Machine Operator",purple,1992-10-19,coralie.berge@becker.com,"XiE,@~$[54V/"
e585f044-84c6-3de2-bba2-d5cf346f92ed,Miss,Zena,Cummings,"32 Bruen Valley Apt. 639",Poblacion,Lucena,"Agusan del Sur",Philippines,420-871-749,"+63 (998) 153-3527","Reilly LLC",https://fritsch.net/aut-est-aspernatur-eaque-aut-omnis.html,"Photographic Processing Machine Operator",white,1993-05-12,reilly.emilio@heller.com,9+K(&kDfRf*`|`
1c1b6652-d447-3e25-80c9-3a20210df966,Dr.,Phoebe,Lynch,"91A Wilderman Neck",Poblacion,Toledo,Pangasinan,Philippines,534-918-153,"+63 (912) 402-6136","Weimann PLC",https://www.hagenes.com/aperiam-qui-voluptatem-optio-earum-voluptatem-deserunt-sit,"Wind Instrument Repairer",yellow,1988-01-25,jaleel.gulgowski@hotmail.com,"N""-Yga!F{xA"
281503cd-8e91-32da-ae7e-050a3eb93f68,Dr.,Laurie,Hudson,"69/10 Brekke Ford",Poblacion,Cauayan,"Mountain Province",Philippines,414-250-510,"+63 (922) 049-9142","Harris, Bruen and Abbott",http://www.block.com/et-sapiente-sit-commodi-cupiditate-consequatur-velit-atque.html,"Medical Scientists",black,1980-05-13,koch.jaqueline@hotmail.com,??IX4vt%!dXh
22253841-1aa2-3da3-8a4e-02c889ed4364,Dr.,Josh,Johnson,"75 Zulauf Estates",Poblacion,Bayawan,Guimaras,Philippines,831-047-947,"+63 (996) 440-8838","Schamberger, McClure and King",http://rosenbaum.info/veniam-quis-aperiam-libero-modi-voluptatem-distinctio-beatae,"Child Care",navy,1981-08-31,quentin43@bogan.org,19Q5c]5c
6a13727a-e7cd-3259-96a0-36557362112d,Dr.,Celestine,McLaughlin,"78/31 McGlynn Manors",Poblacion,Bacoor,Antique,Philippines,032-880-212,"+63 (999) 908-7929","Durgan LLC",https://www.konopelski.biz/ut-amet-ea-ut-nostrum,"Legal Support Worker",purple,1970-11-02,porter22@herman.com,C-YK:XDL@X&
f684dcc6-23a2-3509-be9d-fab71b455bfe,Dr.,Eriberto,Keeling,"82/12 Stanton Extensions Apt. 982",Poblacion,Mati,Kalinga,Philippines,474-549-633,"+63 (920) 179-0092","Prohaska, Rogahn and Dibbert",http://cremin.info/deserunt-commodi-nesciunt-ut-accusantium-maxime-recusandae-exercitationem.html,"Personal Financial Advisor",aqua,2002-11-25,pacocha.anya@wehner.biz,_Cg.p?&n0A
8a6a6c0c-c45a-3c8c-8e40-90fc7cd856ef,Prof.,August,Von,"38/41 Brakus Mountains",Poblacion,Gapan,"Oriental Mindoro",Philippines,147-988-507,"+63 (926) 912-0099","Wehner, Dickens and Rutherford",http://hintz.com/,"Furnace Operator",fuchsia,2008-03-04,elisha.welch@rutherford.com,yVadL&C
0026463a-4619-3530-854a-ffa04b7d5eeb,Mrs.,Cloyd,Legros,"49A/44 Ruecker Junction Apt. 134",Poblacion,Tandag,"Camarines Sur",Philippines,230-470-481,"+63 (937) 742-0102",Tromp-Botsford,http://www.hyatt.com/et-quae-impedit-repudiandae-perspiciatis-ab-quaerat-ut.html,Actuary,olive,1985-02-06,mhoppe@yahoo.com,"W@Wn,pv=:Fu(T"
3db26b06-23a5-3896-a2f1-9c7e6d428785,Miss,Aiyana,Marquardt,"43A Lubowitz Turnpike Suite 576",Poblacion,"San Carlos",Laguna,Philippines,227-775-195,"+63 (921) 177-1275","Howe, Price and Bahringer",http://powlowski.com/fugit-totam-vel-dolor.html,"Farm Equipment Mechanic",silver,2010-07-15,dhomenick@gmail.com,R*{W]o
2cc6500a-39d3-3fea-849e-b5a76175dee6,Miss,Leonor,Reichel,"58/53 Kessler Fort",Poblacion,Dagupan,"Northern Samar",Philippines,657-088-689,"+63 (923) 259-3202",Gutkowski-Robel,https://barrows.com/dolore-temporibus-nihil-facilis-asperiores-cupiditate-perspiciatis.html,"Dragline Operator",purple,2018-09-24,connelly.nella@stehr.com,o<CMP(-
0196e034-78fc-3fa3-bf9e-ab366ed7a68b,Dr.,Lew,Schultz,"52/73 Ebert Mount",Poblacion,Panabo,Cebu,Philippines,146-600-001,"+63 (922) 584-5481","Gleason PLC",https://www.runte.org/eaque-nisi-eaque-id-consequatur-et-aut-id,CFO,white,1991-10-15,dibbert.joyce@yahoo.com,8&2`5:a}
72448ca0-9a72-387f-9896-fcd983d4ca1c,Miss,Thaddeus,Stiedemann,"25/35 Hermann Plaza Suite 896",Poblacion,Tabuk,Abra,Philippines,768-899-214,"(0912) 817-6365","Hamill, Turner and Jaskolski",https://spinka.com/nesciunt-rerum-quam-explicabo-esse-rerum-mollitia-ab.html,"Electronic Engineering Technician",gray,2001-07-23,wreichert@hotmail.com,"x5Zr1{/@6NW@/q^""cV[|"
a7556993-d519-3539-9c15-6d27c17fca1e,Dr.,Marty,Denesik,"61A Mann Forge",Poblacion,Tacurong,Laguna,Philippines,159-940-721,"(0975) 939-6589","Hermiston, Rolfson and Schulist",http://www.flatley.biz/non-perferendis-in-praesentium-autem.html,"Medical Sales Representative",silver,1985-05-24,morgan.torp@connelly.com,Fv6l*IUR+0
b92df428-e7f0-3431-8505-bc3117c82b33,Mr.,Geovanni,Spinka,"97/94 Thompson Locks Suite 523",Poblacion,"Cavite City",Zambales,Philippines,301-609-337,"+63 (909) 413-4096",Wehner-Hegmann,http://prosacco.com/quam-nemo-a-omnis-deleniti-ipsa,"Sound Engineering Technician",gray,1980-08-09,uwaelchi@yahoo.com,"'HN%""K{4&ro)td7\_DDW"
7df90dc3-ced0-3d3d-9a0b-bed7e7db7c04,Dr.,Orpha,McCullough,"25/34 Hettinger Harbors Apt. 781",Poblacion,Kabankalan,Maguindanao,Philippines,190-000-673,"(0922) 532-6455","Keeling, Grimes and Kshlerin",http://www.kassulke.biz/velit-molestiae-excepturi-ducimus-laudantium-quia.html,Pediatricians,white,2018-04-28,hrath@yahoo.com,"(""xEdDR)(cm,K(f{"
84fe4147-d99b-3725-b7c0-87cbdc3e469e,Ms.,Claudia,White,"32A/90 Towne Canyon",Poblacion,Antipolo,"Negros Oriental",Philippines,830-379-785,"+63 (915) 201-8794","Bergstrom, Kilback and Senger",https://www.rath.org/sapiente-vel-culpa-modi-eaque,"Audio and Video Equipment Technician",fuchsia,1972-04-07,dangelo44@howe.com,~S:Ok&Xq!6~
878afb3a-01cb-3247-a866-b723c3cc443e,Prof.,Sophie,Mohr,"49A/64 Herzog Courts",Poblacion,Dagupan,Sorsogon,Philippines,497-133-559,"(0974) 896-0108","Orn, Dach and Senger",http://kling.com/,"Craft Artist",aqua,1985-02-18,obode@senger.com,"zGsI]""0x,fCW"
e8af5af5-ae75-3502-8856-4bdc826741e1,Mrs.,Khalid,Parisian,"34A Friesen Cove",Poblacion,Dagupan,"Oriental Mindoro",Philippines,415-843-360,"+63 (918) 976-3114","McCullough PLC",http://cummings.biz/molestiae-eveniet-neque-suscipit-iusto-rerum-porro-hic,"Rough Carpenter",purple,1992-10-24,shane40@yahoo.com,&/<@>rH(5+SHgJ
36c8bfed-b481-37bc-99b2-bf0d77aebcbe,Dr.,Stevie,Von,"88A Smith Stream",Poblacion,Cabuyao,Pampanga,Philippines,050-726-546,"(0813) 996-4245","Volkman Inc",https://www.lowe.org/itaque-assumenda-facilis-tenetur-aut-nesciunt-quia-nobis,Architect,gray,2016-07-18,ncummings@keebler.com,4Pf3WB6lV|4
927a5b37-0f47-38e1-b6a6-919efb2f9a5a,Prof.,Mavis,Ullrich,"54 Stehr Street Suite 397",Poblacion,Kabankalan,"Negros Occidental",Philippines,555-001-165,"(0920) 764-0385","Smitham, Howell and Kassulke",http://www.glover.info/,"Office Machine and Cash Register Servicer",maroon,1971-09-21,jayne.gottlieb@hotmail.com,+y#6r?`$g
1c9c937e-8dd1-3333-9e66-ab21e6c43c9d,Mr.,Camryn,Wintheiser,"44 Ferry Walk Apt. 329",Poblacion,Imus,"Northern Samar",Philippines,598-379-528,"+63 (999) 137-4740",Barton-Buckridge,https://www.kohler.info/voluptas-qui-impedit-dolore,"Software Engineer",green,2020-03-02,blair.farrell@hotmail.com,"N>`'4I-PAmN%NrI&q,"
ffbed293-0cd4-32eb-8b03-3334b721efc1,Mrs.,Karson,Waters,"40 Schultz Groves Suite 208",Poblacion,Tabaco,Camiguin,Philippines,172-155-522,"(0998) 645-4214","Paucek Group",https://bode.com/qui-vitae-impedit-facilis-culpa-facere-veniam.html,"Human Resources Manager",yellow,1976-08-26,gmayert@yahoo.com,"TvfXZ01x\m^4p7."
4d56c2b6-8aa8-358f-98e6-7218c5876026,Dr.,Devan,Johns,"93/75 Batz Corner",Poblacion,Dumaguete,"Oriental Mindoro",Philippines,091-111-932,"+63 (946) 682-0538",Kirlin-Ondricka,http://wolff.com/,"Forensic Science Technician",aqua,2010-09-18,rbogisich@gmail.com,PT)EnE;{?
27009eb7-dd6f-368f-af43-7ada64aff048,Mr.,Marcelo,Pagac,"40A Botsford Junctions Apt. 365",Poblacion,Oroquieta,"Compostela Valley",Philippines,090-168-626,"(0918) 029-4009","Block, Price and Friesen",http://www.denesik.com/magnam-dolorem-voluptatem-qui-doloribus-recusandae-fugit,"Agricultural Equipment Operator",fuchsia,1974-11-14,slebsack@stanton.info,2PT/{cu7[~ehY<Pzb
a0de4ecf-89a1-3eb9-a6ac-f73fb4731620,Mr.,Garth,Abernathy,"08A Jacobs Extensions Apt. 666",Poblacion,"San Carlos","Eastern Samar",Philippines,451-709-261,"(0998) 829-8858",Hyatt-Crist,https://www.bogisich.com/et-iste-sint-et-et-dolores-numquam,Waitress,teal,1990-06-11,sklein@prohaska.biz,{Fu.`u[P&WR;)R2+(~
276a95ed-1ef6-38f8-aaf7-8246809774da,Dr.,Trisha,Wilkinson,"31/70 Rohan Extensions",Poblacion,Muñoz,Apayao,Philippines,024-654-687,"+63 (900) 212-7889",Willms-Casper,http://www.conroy.biz/occaecati-enim-eos-sint.html,"Talent Acquisition Manager",blue,1998-10-31,halle.terry@skiles.info,pxdb'g
8d306350-e578-357e-b60c-c7a4f478e2e2,Miss,Jewel,Kunde,"17A Thiel Meadows Suite 878",Poblacion,"Puerto Princesa","Camarines Sur",Philippines,589-652-488,"(0929) 547-4287","Quitzon, Dickens and Stehr",http://www.okeefe.info/veritatis-vero-non-et-sed-ea-modi-vero,"Meter Mechanic",fuchsia,2002-06-28,jarod.carter@greenfelder.net,3mR~xm
3133d694-16d6-343a-a544-9f7d0107dcbe,Mr.,Felix,Daugherty,"79/31 Blick Street Suite 413",Poblacion,Panabo,"Northern Samar",Philippines,515-021-829,"+63 (997) 004-0061","Schoen, Steuber and Nienow",http://www.gorczany.info/,Roustabouts,aqua,1991-11-29,lemuel.kautzer@yahoo.com,Ub(qHJWC@GrHUMZ9wn
69562a8b-b995-3b79-96de-cab4ad3ca1eb,Dr.,Miller,Barrows,"30 Spinka Trail",Poblacion,Cabanatuan,Bohol,Philippines,120-477-887,"+63 (939) 441-2555","Boyer, Lind and Gerlach",http://www.strosin.org/,"Nursery Manager",maroon,1984-01-05,wraynor@barrows.com,|9;%7o
7d321237-2652-36a0-90c2-dee0af7d88e5,Miss,Bobbie,Kuhn,"01A Kirlin Isle",Poblacion,Dagupan,Pampanga,Philippines,232-090-152,"(0935) 351-4893",O'Conner-Hill,http://www.schulist.com/corporis-ratione-esse-ut-delectus-qui-et-assumenda,"Petroleum Pump System Operator",teal,2018-11-30,keanu.koepp@hotmail.com,_N>hh$6:'MjVNeZqta
e320e4ba-c659-3d78-a9d9-aef90b3f6c72,Ms.,Jana,Medhurst,"39/51 Walsh Road",Poblacion,Bislig,Capiz,Philippines,898-946-951,"(0977) 460-6843","Stokes Inc",http://www.cruickshank.org/beatae-sapiente-qui-repellat-sunt.html,"Eligibility Interviewer",green,2004-03-23,percy.wunsch@hotmail.com,sg|aECsV~
22ceab3f-c4b3-3f56-afdd-76382fb16557,Prof.,Layla,Douglas,"20A Lemke Glen Apt. 699",Poblacion,"Cagayan de Oro",Marinduque,Philippines,774-032-277,"(0926) 913-2268","O'Kon and Sons",http://www.rau.biz/voluptatum-aut-et-possimus-sunt-incidunt-consequatur-voluptas.html,"Agricultural Product Grader Sorter",navy,1980-10-07,nathanael.wisoky@hotmail.com,"v"")0FsMA'ZZeUs$Cb"
8ce0d056-e87e-34e2-95aa-b3372afe9d96,Mr.,Kenyatta,Schuppe,"89 Feil Throughway Suite 497",Poblacion,"General Santos",Aurora,Philippines,011-738-581,"(0996) 508-2998",Carter-Lind,http://schuster.org/fuga-et-ipsum-deserunt-suscipit-et-et-odit,"Industrial Engineering Technician",fuchsia,1989-05-18,ftremblay@larson.com,oVUVVl26
a98388a2-f0b7-3f94-b782-583c1fc2ca80,Prof.,Aniyah,Deckow,"44 Nienow Locks",Poblacion,Lamitan,Quezon,Philippines,977-618-178,"+63 (912) 436-1449","Kuhic Inc",https://www.bode.com/et-et-enim-est-sequi-sed-dolorum,"Order Clerk",purple,2005-07-07,dino25@dubuque.org,"p~v%PaI4@>,"
f135dca6-4352-3d6e-920d-26fdd615937f,Dr.,Dalton,Mitchell,"79A/25 Schultz Mountains",Poblacion,Parañaque,Quirino,Philippines,392-817-770,"+63 (971) 630-7632","Kemmer, McLaughlin and Herman",https://connelly.net/cupiditate-nobis-numquam-numquam-est.html,"Painting Machine Operator",maroon,1981-05-16,bogisich.justen@gmail.com,RU[4oIc
01001e75-38d4-35c6-b1ee-901a078d530e,Dr.,Jesse,Johns,"37A/66 Miller Cape",Poblacion,Manila,"Sultan Kudarat",Philippines,286-229-826,"+63 (999) 929-4241","Jones, Botsford and Lockman",https://www.klocko.org/animi-sint-totam-dolor-officia-eveniet-vitae-sint,"Product Safety Engineer",gray,2010-09-03,thomenick@gmail.com,E096M2
3e3de015-72fd-33d3-95e7-1139948651d2,Mr.,Weldon,Hegmann,"06A/32 Torp Mountain Apt. 413",Poblacion,Guihulngan,"South Cotabato",Philippines,585-156-108,"+63 (931) 082-5531","Tromp, Macejkovic and Swift",http://schowalter.info/laboriosam-impedit-incidunt-blanditiis-commodi-alias-sed-natus,"Court Reporter",white,1988-08-07,shanahan.keagan@gerlach.com,>(sxO'l>
aed975ab-f260-3829-b853-36fc9eef9366,Prof.,Lindsey,Nolan,"82A Padberg Club",Poblacion,Ligao,Rizal,Philippines,943-362-476,"+63 (948) 180-3054",Considine-Becker,http://borer.info/,Sculptor,aqua,1978-02-22,vturcotte@carter.info,"~?:5,M!L0D<JTP&"
4d853aa8-e53b-31fc-9c43-065eeae3ca9f,Dr.,Aniya,Volkman,"24A Koelpin Island",Poblacion,Calamba,"Northern Samar",Philippines,117-675-958,"+63 (979) 010-4833",Farrell-Nitzsche,http://www.schroeder.com/sit-facilis-autem-itaque-dolores-saepe-voluptatem-ab,"Producers and Director",gray,1978-10-28,turner.manuela@halvorson.info,"T`,{O\A1Z<FIG"
22ddfd66-1c0e-3b8f-9357-f7eefcc102f0,Mr.,Brenden,Blick,"36A/64 Koepp Ville",Poblacion,"La Carlota",Marinduque,Philippines,739-381-069,"+63 (947) 822-7367","Price Ltd",https://www.ritchie.net/culpa-ad-voluptate-aut-laudantium-distinctio-veritatis,"Pewter Caster",yellow,1995-04-17,abernathy.brisa@hotmail.com,b:@45aWW4
8b4839c9-1d10-36ad-b591-5e78d516fbe4,Ms.,Benedict,Rogahn,"53A Boyle Pike Apt. 856",Poblacion,"General Santos",Albay,Philippines,905-546-383,"+63 (936) 889-2722","Streich, Jerde and O'Conner",http://www.donnelly.org/quo-sit-blanditiis-similique-autem-et-doloribus-molestias,"Engineering Teacher",black,2013-06-22,jett.carter@gmail.com,"&|\AivMzDf"
bd5c6b22-cb5b-3b8f-a568-245ed5d90fb1,Dr.,Kaya,McDermott,"80A/46 Ullrich Parkway Apt. 208",Poblacion,Tabuk,Siquijor,Philippines,930-901-469,"+63 (997) 233-3506",Streich-Batz,http://wiegand.info/dicta-omnis-similique-dolorem-qui-quis.html,"Substation Maintenance",aqua,1973-06-21,jromaguera@carter.org,~PN!6B
3ef89e2f-78d5-3efb-a727-2ae94a459ad5,Dr.,Green,Hintz,"97A/03 Pouros Islands Apt. 720",Poblacion,Valenzuela,Zambales,Philippines,306-185-002,"+63 (974) 645-9415",Bode-Homenick,http://bashirian.com/veritatis-debitis-optio-laboriosam-ipsa.html,"Keyboard Instrument Repairer and Tuner",blue,2002-10-31,imelda.stoltenberg@wilkinson.info,I/XG'R2z
be9e1256-3a88-34c9-a580-9f8341c35941,Dr.,Eve,Lemke,"98/74 Krajcik Brooks",Poblacion,Tanjay,"Sultan Kudarat",Philippines,769-244-978,"+63 (817) 827-3958",Emard-Reynolds,http://schmidt.com/sit-cupiditate-maxime-rerum-harum-esse.html,"Producers and Director",white,2018-10-08,jacklyn.spinka@yahoo.com,"=Ar8*\GE]s.pW[a/"
dc0b2e53-f86f-380c-a23c-f9308d48c7f1,Dr.,Alta,Lowe,"63A Stokes Drives",Poblacion,Navotas,"Negros Oriental",Philippines,384-330-613,"(0920) 747-8821",Cassin-Deckow,http://wintheiser.com/vitae-vel-ut-itaque-ad-sint-in,"Computer Programmer",teal,2006-12-29,lemke.anabelle@hotmail.com,=_he8!4Q6(w/
6b7b4db0-58e7-3f1e-989d-f814ec351573,Prof.,Ruth,Gerhold,"66/61 Okuneva Parks Suite 242",Poblacion,Tuguegarao,Apayao,Philippines,366-407-356,"+63 (912) 159-6160",Lindgren-Hill,http://www.mclaughlin.org/officiis-molestiae-voluptate-quos-velit-sint-ab,Photographer,maroon,2021-01-11,dana.bartoletti@moen.com,"#2[F%:\.nS|wp3%V6"
2820532f-0248-33bf-8b53-0a697397f9ee,Dr.,Clare,Krajcik,"25A Wuckert Locks Apt. 091",Poblacion,Biñan,"Agusan del Sur",Philippines,323-456-129,"+63 (920) 984-3089","Purdy and Sons",http://www.kris.com/incidunt-accusantium-vel-officiis-animi-excepturi,"Kindergarten Teacher",silver,1998-12-17,nikolas30@hotmail.com,UTv{I@C_WqH_04
2e861426-89c1-3cbd-b48f-5350dbdd42d4,Prof.,Jordi,Prohaska,"46/26 Swift Village",Poblacion,Talisay,"Nueva Ecija",Philippines,273-371-624,"+63 (929) 076-6640",Nolan-Reichert,http://lebsack.biz/quia-et-at-qui-enim.html,"Electronics Engineer",silver,2000-10-29,dhyatt@gulgowski.com,Pal[Mf:##~/*r
158cca2f-8faa-3b43-90a3-8750607f3ea1,Mr.,Cyril,Zieme,"77 Shields Squares",Poblacion,Isabela,"Misamis Oriental",Philippines,295-397-291,"(0917) 813-3165","Crooks, Little and Nienow",http://www.bode.com/,"Coil Winders",yellow,2024-07-14,olabadie@rolfson.biz,F]I?WA'
ba06a049-eac0-39f6-a8f9-12dc128d4669,Prof.,Maria,Beer,"24A/81 Hyatt Mills Apt. 990",Poblacion,Naga,Bulacan,Philippines,781-773-832,"+63 (935) 753-0754","Hills, Macejkovic and Lang",http://www.blanda.com/dolores-et-consequatur-enim-odit-qui-distinctio-voluptates-atque.html,Clergy,aqua,1976-01-14,khalid42@hotmail.com,2<X?#N[%]@)e
2f98840c-f5c7-33bf-82df-8bd5dc8c3ad1,Miss,Jose,McKenzie,"81A/15 Krajcik Harbors Suite 416",Poblacion,Mandaue,"Oriental Mindoro",Philippines,925-426-928,"(0938) 723-0170","Dickens, Marks and Kub",http://goodwin.com/sed-optio-consequatur-voluptatibus-soluta-repellat.html,"Production Worker",blue,1991-10-16,schaefer.fatima@bernhard.com,Po34&2
22fab968-9320-3aa5-94e3-447e8f87284a,Ms.,Kianna,Kohler,"53A Reynolds Wells Apt. 465",Poblacion,Muntinlupa,Antique,Philippines,739-344-465,"+63 (948) 732-9390","Dibbert, Kreiger and Leuschke",http://www.rippin.com/et-voluptatem-sint-animi-rerum-voluptatem-soluta.html,"Protective Service Worker",teal,1995-12-13,buddy.strosin@fahey.biz,In`'TwO
36afe6b0-bb15-3d22-8fa9-1141a18848a4,Prof.,Abdul,Schinner,"60/80 Walker Port Suite 278",Poblacion,Dasmariñas,Leyte,Philippines,058-915-024,"+63 (943) 196-8460","Batz Inc",http://price.com/,"Electrolytic Plating Machine Operator",teal,1973-10-20,senger.daphne@blick.info,"am\tqa>|f]QzIpPro@8b"
cd182802-516d-3a61-a7ed-eb6f16b84190,Prof.,Tania,Rutherford,"02A/13 Walsh Inlet",Poblacion,Bacoor,"Sultan Kudarat",Philippines,671-796-252,"+63 (931) 810-2056",Boyle-Heathcote,http://sauer.com/optio-reprehenderit-et-itaque-quaerat-placeat-molestiae-dolore-earum,"Bus Driver",purple,1997-02-10,sven81@greenholt.info,&AEUIX
eaaeb281-0daf-30db-b9fb-bb0bf00d1ebf,Dr.,Raquel,Ledner,"56 O'Connell Alley Suite 733",Poblacion,Danao,Palawan,Philippines,910-059-482,"+63 (922) 032-5929","Oberbrunner Inc",http://schinner.info/,"Social Worker",maroon,1993-12-15,emely75@hotmail.com,"\\<[o6,pr4X1_m:PG"
f7b8e828-9a7f-36f2-ad8a-702c0efe55fe,Mrs.,Amelia,Langosh,"61/64 Rippin Valley",Poblacion,Sipalay,"Southern Leyte",Philippines,237-729-074,"(0907) 986-0590","Nicolas, Weimann and Schroeder",https://ullrich.com/doloremque-nostrum-dolorem-commodi-omnis-modi-ab.html,"Correctional Officer",olive,1971-09-19,daniel.jared@hirthe.com,F?K+gGKJ
cb085ee5-6aa6-3d39-a154-8da3f8ebb007,Prof.,Janessa,Beier,"37/50 Fadel View Apt. 402",Poblacion,Silay,"Surigao del Norte",Philippines,236-301-515,"(0931) 487-9435","Balistreri, Sanford and Kemmer",http://johnston.org/natus-magnam-sequi-commodi-et-reiciendis-nihil,"Plumber OR Pipefitter OR Steamfitter",blue,2012-01-18,conroy.rick@olson.com,"}q6J7$\sqpW"
565dfc02-9209-3e9e-825a-207a454407bd,Mrs.,Mallory,Kling,"41/43 Paucek Knoll",Poblacion,Bogo,"Ilocos Norte",Philippines,454-940-942,"+63 (937) 845-6115","Littel, Gerhold and Oberbrunner",http://www.wyman.com/dolor-est-eveniet-consequatur-eum-et,"Production Worker",black,1998-11-22,barrett.becker@durgan.com,4vff@N7j*W*]c;:Zis1'
60922a89-809b-3794-ad1d-0e58c33e30b4,Prof.,Jazmyne,Marquardt,"39A Heidenreich Rest Suite 395",Poblacion,Lipa,"Ilocos Norte",Philippines,831-655-801,"(0813) 124-6455",Murazik-Kuhn,http://lubowitz.org/aut-magni-fuga-exercitationem-repellat-non-sapiente-ut,"Library Assistant",silver,2021-02-13,dibbert.natasha@hotmail.com,[@xRb2[*v]c
2e77b11a-995e-37c2-afc1-5f0f13efab40,Dr.,Otis,Lakin,"65/61 Cremin Square Suite 681",Poblacion,"San Jose del Monte",Bataan,Philippines,581-388-597,"+63 (908) 678-9480",Jones-Kuphal,http://www.grady.biz/quia-voluptatem-asperiores-corrupti-nostrum-dolorum-voluptas-laboriosam.html,"Agricultural Worker",gray,2019-01-05,uherman@dickinson.com,0d6I@i
4d57288b-7f77-3390-ad54-25d3619cf8f1,Prof.,Gust,Schmidt,"62A King Inlet Apt. 859",Poblacion,Cadiz,"Camarines Norte",Philippines,498-626-621,"(0949) 009-1653",Bartoletti-Weissnat,http://goldner.info/,"Social Science Research Assistant",lime,1979-02-28,lillian.kiehn@yahoo.com,#zA(bTU
70ef02f0-ce1a-370d-8b7d-6b0c229545e0,Dr.,Emilie,Lindgren,"89/37 Jenkins Burg",Poblacion,Tabaco,Isabela,Philippines,390-947-095,"+63 (919) 431-0402","Abernathy, Balistreri and Dare",https://schmidt.com/fugit-numquam-vitae-vitae-laborum.html,"Military Officer",aqua,1972-04-17,bfay@thiel.com,O}F*2#)-KB-uqh
8609f493-ccba-36de-9886-58d99422066b,Miss,Cathryn,Kohler,"91A Hill Plaza",Poblacion,Butuan,"Negros Oriental",Philippines,212-887-583,"+63 (909) 738-8312",Muller-Paucek,http://www.veum.com/,"Psychiatric Aide",maroon,2001-07-09,ghowe@konopelski.org,W(15c_.#~5
b98122d9-9428-39ff-8b83-7e80e82178b0,Ms.,Ceasar,Mitchell,"07A/85 Abshire Ports Suite 187",Poblacion,Himamaylan,Batanes,Philippines,196-806-992,"+63 (937) 925-0049",Wunsch-Friesen,http://howell.net/officiis-vitae-fugiat-omnis-rem.html,Mathematician,white,1994-04-29,clockman@cummerata.org,"dBV<Y#B<!R\8f:."
3e05e7cd-a75b-3ecb-9d9d-12f8e59291dd,Dr.,Chesley,Casper,"70/82 Schultz Locks",Poblacion,"Masbate City","Agusan del Sur",Philippines,241-144-299,"(0971) 635-8714","McLaughlin, Huels and Wunsch",http://www.douglas.com/dignissimos-qui-velit-fuga-consequuntur-quos-ut-ipsa,"Cost Estimator",aqua,1987-11-25,murazik.sigurd@gmail.com,"T^gc#Z;kN.3w:`u:f,oe"
128ea77e-33da-320e-a060-c8eea6888b14,Dr.,Art,Walter,"89 Renner Corners",Poblacion,Gapan,Pangasinan,Philippines,106-858-580,"+63 (921) 975-5372",Hermann-Sauer,https://www.stracke.info/sit-quo-tempore-quam-expedita-veritatis,"Jewelry Model OR Mold Makers",aqua,1997-08-13,polly81@daugherty.biz,~C/`{1
bab7511f-dc5c-3e04-9d50-53722ad9d274,Dr.,Elda,Boyle,"20 Shields Lodge",Poblacion,Bacolod,Aurora,Philippines,805-775-799,"(0930) 145-4121","Hodkiewicz, Funk and Zboncak",http://www.king.biz/voluptatem-aliquam-distinctio-ut-fuga,Paperhanger,aqua,1988-09-03,jack83@williamson.com,fHMy5F/Qd+;eV@9yME
eb38032d-0fe6-330d-98c1-7fd0b2f05496,Mrs.,Zakary,Murray,"20A/64 Reynolds Crossroad Apt. 977",Poblacion,"San Pedro",Pampanga,Philippines,418-899-927,"+63 (939) 104-3041",Barrows-Keebler,http://gleichner.info/optio-praesentium-accusamus-voluptatem-aut-quae.html,"Space Sciences Teacher",purple,1976-01-19,tflatley@gmail.com,r?;UDJE)^)Lk*(au]<O
633b28a6-62f3-33a6-ba2e-7be9e9115230,Miss,Aliya,Smitham,"96 Labadie Mills",Poblacion,Dagupan,Bohol,Philippines,966-909-067,"+63 (912) 483-3163",Heller-Parisian,http://www.reichert.com/corporis-doloremque-adipisci-qui-animi,"Precision Devices Inspector",olive,1997-11-14,oral.buckridge@marks.com,KGF/>gjOqE;tbB'Q
0a05eb28-464e-32dc-bd00-8545f3dffa3f,Mr.,Mariano,McClure,"73 Parker Radial",Poblacion,Koronadal,Catanduanes,Philippines,152-392-831,"(0943) 774-1643","Kihn PLC",https://www.hermiston.net/nostrum-sapiente-qui-numquam-voluptatibus-ipsum-consequatur,"Police Detective",olive,1992-05-12,clifton68@hotmail.com,"p*""%Q@$KE=n&*'}"
b51bea12-fe7d-32cc-890f-a58eb41f4a4c,Dr.,Keven,Corkery,"56 Conroy Mews",Poblacion,Pasig,Laguna,Philippines,435-859-082,"(0934) 382-2844",Dare-Lang,http://www.ohara.com/voluptatem-neque-illo-impedit-doloribus-tempora-unde.html,Biophysicist,navy,1997-11-11,aufderhar.nicolas@yahoo.com,RYVT/W
f4ca47bd-2530-3c46-ab04-88151e7d9a91,Miss,Geo,Rutherford,"97A Ortiz Union",Poblacion,Escalante,Cebu,Philippines,719-762-448,"+63 (909) 950-3170","Kunde, Halvorson and Graham",http://abshire.com/necessitatibus-quia-consequatur-ut-vitae-dolor.html,"Plasterer OR Stucco Mason",maroon,2008-07-18,dexter.carter@gmail.com,V-w[?AbDFk;nE
78b5013c-35e3-3bf2-a8a7-7f656944280f,Prof.,Alene,Davis,"74A Orn Isle Apt. 232",Poblacion,Palayan,"Camarines Norte",Philippines,469-193-916,"(0910) 300-2896",Crist-Streich,http://walker.com/,"Pesticide Sprayer",gray,2010-09-02,vrath@hotmail.com,7Ux&IfTn+
f3a049fc-7b6c-3792-80ae-bce65548ee78,Dr.,Carolyn,Romaguera,"35 Schuppe Ramp Apt. 218",Poblacion,Iligan,Albay,Philippines,834-393-604,"+63 (906) 553-7157","Ruecker, Dach and Brakus",http://www.mohr.com/dicta-tenetur-culpa-adipisci-esse.html,"Stock Broker",yellow,1992-06-24,sporer.royce@schneider.net,"d7\]`AO#feoHh7HX%"
a9dd1c04-4ca3-3762-8f95-1c431825db8c,Mr.,Christiana,Fritsch,"28A Kassulke Coves",Poblacion,Biñan,Cavite,Philippines,912-910-595,"(0911) 401-6968",O'Reilly-Corkery,http://www.wolff.biz/consectetur-dolores-odit-distinctio-ratione-similique-delectus-neque,"Home Economics Teacher",fuchsia,1983-10-06,bradtke.jeff@kshlerin.net,"68ku$Sy""cl)q"
e2468f3b-4111-34aa-bd64-afaea5e078b6,Prof.,Vern,Casper,"12A Mohr Point Suite 846",Poblacion,Bais,Aurora,Philippines,502-175-083,"+63 (978) 988-8393","Rodriguez LLC",http://koelpin.info/quas-a-perferendis-labore-consectetur,Tailor,blue,2009-09-30,helen.strosin@yahoo.com,6'GQ'qV$I}KR#A=k
122ff2ba-5683-3a04-8247-3e5a81480955,Mr.,Ignatius,Reilly,"39 White Shoal",Poblacion,"Cagayan de Oro",Benguet,Philippines,180-339-750,"(0929) 210-7006","Lubowitz, Johnson and Skiles",http://www.dare.info/fugiat-at-vel-non-optio-voluptatem-suscipit-est-minus,"Political Scientist",black,2016-07-23,bryon.wuckert@hotmail.com,zY3[jj.$stb3YcyNRl~
6a53f0f3-ed41-377a-8b0b-20f937d1e4ef,Prof.,Arturo,Gottlieb,"80A Wiegand Summit",Poblacion,Victorias,"Sultan Kudarat",Philippines,449-288-026,"+63 (929) 042-3902",Toy-Kiehn,https://www.heidenreich.com/id-ducimus-consectetur-quisquam-nemo-qui-cumque-quod,Cashier,gray,2021-10-04,mariane.pfeffer@yahoo.com,"t_7ZA,^!v"
0fa391c7-a199-32fd-97ca-42a2cedc145b,Ms.,Christa,Murray,"11A Pouros Road Apt. 031",Poblacion,"San Pedro","Eastern Samar",Philippines,694-578-727,"(0998) 992-4153",Corwin-Thompson,https://www.ryan.com/eos-tenetur-sed-consequatur-sed-eligendi,"Executive Secretary",green,2003-10-02,addie59@hotmail.com,"%Mpe$G,f8"
7ca8bcfb-84db-383b-9fb7-5437e3168533,Mrs.,Lacy,Ratke,"89/82 Beatty Glens Apt. 001",Poblacion,Manila,Marinduque,Philippines,951-941-117,"+63 (919) 608-1550",Langosh-Kiehn,https://runte.com/eos-inventore-qui-at-voluptas-cupiditate-assumenda.html,"Vice President Of Human Resources",teal,2016-05-22,kreiger.aliya@yahoo.com,a6^di|$cH*bELQB.ARhE
201f4631-4111-3641-803a-70091b19489e,Dr.,Otto,Mertz,"59 Stracke Plains",Poblacion,Bogo,Catanduanes,Philippines,897-745-168,"(0999) 771-1525","Dare, Sawayn and Legros",http://www.schaden.info/quasi-rerum-et-placeat-laudantium-et-nisi-iure,"Auxiliary Equipment Operator",gray,2002-08-21,orn.cecile@baumbach.com,.stDoURoc-KK?^s
6611f9a7-9fd3-3fd9-8ffe-bacfc7d05c45,Prof.,Tyler,Balistreri,"29/42 Nicolas Neck",Poblacion,Koronadal,"Eastern Samar",Philippines,067-263-414,"(0994) 168-3735",Powlowski-Rosenbaum,http://www.rowe.org/velit-tempora-asperiores-quibusdam-explicabo-nam-aliquam,"Computer Systems Analyst",navy,1993-09-05,velma09@schmitt.com,^hW.VL(^Z]KDJD
22e34d1f-8816-3f56-b125-97eaacbb4d4a,Miss,Elisa,Schamberger,"95 Prohaska Lake Apt. 957",Poblacion,Tuguegarao,"Lanao del Sur",Philippines,127-188-736,"(0949) 819-2535","Stark Inc",http://glover.com/ut-eos-magni-neque-libero-et-repellendus-placeat.html,"Automotive Specialty Technician",maroon,2012-08-19,jacobs.clement@boyle.org,"C3Mlzp~9wHN[(Ee,3@"
541378fe-609a-3591-9c8d-be35f60e76ff,Miss,Elody,Balistreri,"93/53 Bosco Court",Poblacion,Olongapo,Aklan,Philippines,987-194-658,"(0928) 684-7289","Rutherford LLC",http://schaden.biz/beatae-delectus-accusantium-et-dolor-voluptatibus,"Precision Instrument Repairer",blue,2004-12-11,sjast@gmail.com,uQsl+`drvl=']L3{S:
98567e97-5ef1-3c20-bc26-d6c27043fe31,Dr.,Caterina,Gerlach,"72/80 Parisian Orchard Suite 413",Poblacion,Bayugan,Bataan,Philippines,866-266-975,"+63 (980) 621-5079","Mayer, Rosenbaum and Rempel",https://upton.com/adipisci-iusto-similique-accusamus-quod-nobis-recusandae-quod.html,"Pastry Chef",teal,1975-05-07,eliza96@erdman.info,DanEQul5?e
28f1deeb-7685-3747-83f9-245c6522f7f6,Ms.,Jewell,Wunsch,"65 Ritchie Rapid",Poblacion,"La Carlota",Bulacan,Philippines,044-906-845,"+63 (935) 693-8476","Bauch Group",http://johnston.com/dolore-amet-earum-minima-nobis-molestiae-provident-commodi.html,"Financial Analyst",maroon,1979-08-17,nina20@walter.biz,a}FyMnZ>9*.]:v/{%O
11355bea-6167-333b-bb9e-54874e4615b2,Dr.,Ceasar,Trantow,"22 Mueller Garden",Poblacion,Lucena,Tawi-Tawi,Philippines,426-985-057,"+63 (996) 646-0555","Schmitt and Sons",https://www.bayer.com/vel-fuga-omnis-blanditiis-consectetur,"Central Office Operator",fuchsia,2007-03-15,wbogan@ebert.com,"gaZ@[m*,-D_D1D"
de113e29-b58d-394e-b8b9-eda7cc068614,Ms.,Leilani,Erdman,"24 Zulauf River",Poblacion,"Quezon City","Compostela Valley",Philippines,417-279-661,"+63 (940) 787-6320","McDermott Group",http://pouros.com/,Engraver,silver,2010-12-29,harris.christelle@beier.com,6nZ=%OHN
1f08a156-2c10-347e-b3d2-70d8966cd0cd,Prof.,Naomie,Homenick,"95 Satterfield Cape",Poblacion,Tabuk,"Misamis Oriental",Philippines,740-309-034,"+63 (927) 050-6432","Moore, Jerde and O'Hara",https://hane.com/consequatur-porro-quos-perferendis.html,"Pipelaying Fitter",navy,2004-02-15,keeling.kyleigh@lockman.com,"5{[E4Z""oi_pd9"
6df369a8-f721-33ba-b827-2e919321405b,Prof.,Julianne,Rath,"45/20 Roberts Rest",Poblacion,Cauayan,Abra,Philippines,728-138-801,"+63 (900) 189-4358","Shields, Ruecker and Huels",https://www.reilly.com/eveniet-quas-nisi-quia-facere-et-saepe-beatae-nemo,"Agricultural Technician",purple,1970-07-10,friesen.cecilia@fay.net,"ZL|A-<8\8"
668a5bf9-e880-316d-8947-8f0db109473d,Prof.,Dolly,Ratke,"51A/69 Brown Rue",Poblacion,Sagay,"Negros Oriental",Philippines,100-535-326,"(0928) 586-4370","Carter, Stehr and Nolan",https://www.marks.org/ullam-rerum-quod-aut-architecto-vel,"Gluing Machine Operator",black,1990-10-04,don32@yahoo.com,",SCwj5}\"
62b739ef-8f08-3da7-8bb6-ead728efa233,Prof.,Kelvin,Schroeder,"29/15 Hoppe Estate",Poblacion,Dipolog,"Negros Occidental",Philippines,873-527-879,"(0949) 501-5280",Hane-Glover,http://www.kovacek.biz/et-odit-impedit-soluta-reiciendis-sed,"Pharmacy Aide",blue,2009-04-16,sarina85@hotmail.com,"tw@~^""szD6"
f063e814-2004-3992-926f-e9d7cacd38cd,Prof.,Dejah,Macejkovic,"12 Jast Haven Suite 570",Poblacion,Marikina,Basilan,Philippines,642-161-843,"+63 (900) 790-1969",Kuhlman-McClure,http://conroy.com/quaerat-ab-consequuntur-voluptatem-dolor-dolor-quaerat.html,"Furnace Operator",blue,1999-07-20,rolando.kautzer@kiehn.com,"T;\LK.D"
107f43a1-e595-37b1-8cfb-308da9c38841,Dr.,General,Roob,"04A Boyle Rapids Apt. 764",Poblacion,Tagum,Albay,Philippines,820-890-320,"(0943) 272-2963","Becker Inc",http://www.torp.com/sed-totam-architecto-occaecati-alias,"Personnel Recruiter",blue,1986-07-08,alvis05@mckenzie.com,126WNDqBFC+cvMjtpJKr
5395b0a4-ab6a-3b6b-8e0b-0ac691fbf499,Ms.,Hattie,Farrell,"11A/66 Heidenreich Lakes Suite 858",Poblacion,Palayan,Iloilo,Philippines,387-394-985,"+63 (930) 199-9979",Swaniawski-Fadel,http://www.sawayn.com/rerum-facilis-cum-rem-placeat,"Central Office and PBX Installers",maroon,2023-09-13,alexa.rogahn@hotmail.com,'wm_Q+<v
e6f260f1-ed48-395e-b403-314155135273,Mr.,Rhett,Hagenes,"56A/39 Goyette Streets Apt. 953",Poblacion,Bogo,"Negros Occidental",Philippines,276-160-514,"+63 (920) 265-3031",Krajcik-Johns,http://koelpin.com/,"Motor Vehicle Inspector",yellow,1993-10-09,estell.dare@mclaughlin.biz,`W?-Q3
9fa0cfbe-4db5-3df0-a7fc-58c841fa2898,Miss,Cassie,VonRueden,"95/99 Torphy Lodge",Poblacion,Marawi,Biliran,Philippines,375-583-529,"(0909) 407-9196","Rolfson, Dickinson and Hagenes",http://www.murazik.net/,"Veterinary Technician",aqua,1992-06-04,london.wuckert@hotmail.com,P[qNE816!Kh
765ffba8-1f0b-33ba-8562-b8b3b2778fc3,Prof.,Sedrick,McCullough,"07A/54 Kirlin Center Apt. 748",Poblacion,Lipa,Aklan,Philippines,796-209-928,"+63 (925) 369-8023",Abshire-Romaguera,http://www.lang.com/consequatur-veritatis-quia-qui,"Precision Instrument Repairer",blue,1977-01-31,nveum@yahoo.com,"""orl)`8V]D|Xv"
2e09ac28-523d-39c3-83a6-99f872a4c6db,Dr.,Eugene,Quitzon,"80A Quigley Park",Poblacion,"Cavite City","Oriental Mindoro",Philippines,988-990-659,"+63 (948) 064-1821",Lockman-Grant,http://wintheiser.com/veritatis-debitis-laboriosam-soluta-iste-qui-quaerat-placeat-est.html,"Communication Equipment Worker",purple,1976-06-22,sydnie.okuneva@fritsch.net,52SGe.Xbd}dSTzN
95b434a5-7ef5-3783-bbd5-6d403c403c22,Miss,Wilburn,Kulas,"77/46 McLaughlin Unions Suite 322",Poblacion,Lucena,"Zamboanga del Sur",Philippines,350-465-933,"+63 (975) 700-1462","Deckow LLC",http://shanahan.com/,"Merchandise Displayer OR Window Trimmer",fuchsia,2012-11-04,jakob64@reichel.org,{?Q{tzg
454a2a65-5d80-30f1-8e2c-321595a847fc,Dr.,Jose,Lakin,"43/61 Lebsack Rest Apt. 742",Poblacion,"San Pedro","Occidental Mindoro",Philippines,840-881-126,"+63 (949) 289-6963","Nienow and Sons",http://mills.com/sunt-deleniti-et-sit-aut.html,"Financial Specialist",black,1982-11-07,jaden35@gmail.com,|)5?HZB
5323d780-2654-3c21-b258-bc8a9c5abb0a,Mr.,Salma,Legros,"90A Morissette Curve",Poblacion,"La Carlota","Oriental Mindoro",Philippines,735-857-097,"+63 (933) 634-2122","Jacobson Inc",http://ruecker.com/rem-in-officiis-debitis-deserunt-consectetur-architecto-voluptas-voluptas,"Petroleum Technician",aqua,2005-08-15,yundt.dariana@funk.com,=O)6i1aegpxMj
45d07454-d8b8-33b8-9165-ca498db1a3a9,Prof.,Fabian,Volkman,"05A/90 Kutch Flat",Poblacion,Tacurong,Catanduanes,Philippines,533-445-419,"(0938) 528-5539",Denesik-Goldner,https://okon.com/in-aut-dolores-nihil.html,"Real Estate Association Manager",teal,1983-05-10,bgulgowski@mueller.info,vzCrg2
ee7a59be-0581-399e-9221-5ff5d05ad83d,Prof.,Enos,Jacobson,"12 Rice Freeway",Poblacion,Isabela,Tarlac,Philippines,211-747-768,"(0908) 953-1444",Lakin-Blick,http://robel.com/iure-tenetur-cumque-libero.html,"Coating Machine Operator",green,1990-06-16,reuben44@kulas.com,F8:my(R7
36bed57c-e4b1-3951-be71-7e23ecefbf29,Dr.,Gavin,Torphy,"62A/16 O'Conner Ridges",Poblacion,"San Pablo",Sorsogon,Philippines,049-595-175,"+63 (943) 364-1476","Hayes Inc",http://larkin.com/nobis-magnam-assumenda-non-officia-earum,"Title Searcher",teal,2007-11-11,wromaguera@yahoo.com,"6^%85Vd}Z68""G8%I""V"""
abe43c3b-8834-3b56-8f56-3c15af65daa1,Mr.,Cassandra,Stroman,"89A Mann Plains",Poblacion,Naga,Capiz,Philippines,424-312-572,"+63 (911) 235-2925",Lind-Smitham,http://jaskolski.org/,"Home Appliance Repairer",blue,2021-05-24,haven19@gmail.com,:/W<mfkNse
3e2f3b8d-8b42-367f-956e-7cb50c9d8a61,Dr.,Delbert,Fisher,"23/79 Veum Junctions",Poblacion,Guihulngan,Maguindanao,Philippines,714-417-608,"+63 (923) 596-3089",Nienow-Lesch,http://www.yost.com/,"Education Administrator",aqua,2014-07-28,nicholas.renner@jacobson.com,Xi1z9Z{5Ue!'
81668c26-3907-3254-b932-232360c8ed04,Prof.,Caden,Sanford,"73 Brown Loop Apt. 256",Poblacion,Santiago,"Metro Manila",Philippines,310-289-992,"+63 (979) 903-3206","Spencer, Nitzsche and Ryan",http://white.biz/dolor-est-odit-nisi-eum-sed-velit,Upholsterer,olive,1970-08-06,reid49@stark.com,OZE69a={L3}@
463b0b6e-529e-31d6-8c78-5347afbc2171,Mr.,Betty,Ritchie,"15/44 Reilly Branch Apt. 637",Poblacion,Batac,"Zamboanga Sibugay",Philippines,217-052-949,"(0919) 864-9531","Glover Group",http://mann.net/,"Hand Presser",yellow,1980-05-16,katarina97@king.net,L/aIqpvPL{=Oy;
5321f21b-2142-387f-84ca-a18518fe5617,Prof.,Maye,Kuhlman,"14A Towne Summit Apt. 107",Poblacion,Alaminos,"Negros Occidental",Philippines,906-435-621,"(0930) 274-7535","Sanford PLC",http://www.hodkiewicz.com/,Bartender,silver,1979-08-14,emily.hagenes@powlowski.biz,HX8u5p=3JulwI1iN_c
e1af0de3-2c9a-3446-8cda-6c5ebce764f5,Dr.,Pearlie,Ratke,"73 Parisian Pine",Poblacion,Balanga,"Misamis Occidental",Philippines,317-977-120,"(0906) 628-5056","Veum LLC",http://www.kris.com/,Statistician,maroon,2016-09-21,darren.rutherford@hotmail.com,Wi[+-E^i/A8rD
b7479846-473a-320f-971d-0ab91a9a2dc0,Mr.,Michele,Hahn,"33 Okuneva Avenue Suite 572",Poblacion,Iligan,Bataan,Philippines,988-159-045,"(0937) 702-3259","Koch, Purdy and Brakus",http://www.bode.biz/et-et-assumenda-doloremque-quidem-sint-aut-recusandae-molestiae,"Host and Hostess",aqua,1972-09-28,hertha17@yahoo.com,EivjO|s-p
a8172a9c-8a9b-3090-b967-0e5dd32a1ac1,Dr.,Libbie,Pfannerstill,"74A Smith Mountain",Poblacion,Muntinlupa,Benguet,Philippines,852-851-698,"+63 (925) 984-5753",Leffler-Lakin,https://www.feest.com/repellendus-harum-illo-id-facilis,"Paste-Up Worker",olive,2015-05-13,maribel.zemlak@weber.com,"@afHU`TpjO`m2;""J"
3e754025-571e-3e91-8eb6-2e744dc7fe15,Miss,Richmond,McKenzie,"28A Wolf Freeway",Poblacion,Taguig,Aklan,Philippines,732-341-333,"(0927) 319-1323",Bartell-Gottlieb,http://www.breitenberg.net/,"Sales Person",purple,2005-08-30,scottie.robel@hotmail.com,",b>S0$edGaORNH,7"
394390ba-3d7e-35cb-bf9d-6a543d355bef,Mrs.,Nora,Kreiger,"76/18 Mitchell Curve",Poblacion,Biñan,Antique,Philippines,631-127-734,"(0917) 328-9957",Keeling-Bogan,http://stehr.net/voluptas-qui-id-minus,Roustabouts,olive,2016-10-05,ybruen@jacobs.info,I7#OkosBL52}(O8&UR
8905f6aa-4c13-35c2-ba39-61b26cef9f45,Prof.,Hazel,Anderson,"16A Wiegand Mews Suite 445",Poblacion,Tayabas,Kalinga,Philippines,788-302-925,"(0919) 555-6932",Kohler-White,http://www.reinger.com/nam-omnis-quisquam-aspernatur-ex-neque-corrupti-ipsum,"Agricultural Worker",silver,1976-11-28,koch.norval@conn.com,tF2Oh-RR#
b139289b-ee71-3d02-a668-89a0ecca5494,Mrs.,Gregoria,Satterfield,"24A/62 Collier Knolls Suite 137",Poblacion,Legazpi,"Misamis Occidental",Philippines,596-447-497,"(0930) 955-6894",Spinka-Kuvalis,http://www.lynch.biz/,"Optical Instrument Assembler",purple,1995-02-02,patrick14@bins.net,".X:r6?D-8@""kg(^dJ"
b586d347-8900-3779-a126-103d71ab5a82,Miss,Athena,Anderson,"64 Bruen Motorway",Poblacion,Makati,Benguet,Philippines,376-163-574,"+63 (931) 891-0687","Champlin, Wilderman and Jones",http://www.douglas.com/,"Packer and Packager",blue,1977-08-07,jjast@gmail.com,f4ZSMFK^
fd919cae-47c6-3361-8928-9a5724286b6b,Dr.,Mallie,Runolfsson,"43 Cremin Underpass Suite 362",Poblacion,Bago,"Southern Leyte",Philippines,369-702-023,"(0932) 507-6761","VonRueden Inc",https://www.stark.info/id-consequatur-omnis-inventore-aut,"Landscape Architect",black,2012-03-21,swalker@schulist.org,^3)2iB;rl~yDq3l
68f7ec7b-c48e-3cdd-941a-acef99145768,Ms.,Dee,Schaefer,"92A/90 Bahringer Wall",Poblacion,Toledo,Benguet,Philippines,899-309-646,"(0936) 902-6308",Conn-Rath,http://www.crona.com/dignissimos-et-molestiae-numquam-nulla.html,"Electronic Equipment Assembler",navy,1973-07-28,joelle.tillman@hotmail.com,c1^]/}
0d94a73b-64a4-385e-8224-6efd2e0c75e2,Ms.,Kaia,Will,"15A Kessler Views",Poblacion,"General Santos","Occidental Mindoro",Philippines,232-931-862,"+63 (929) 856-0522","Von, Walsh and Roob",http://www.robel.net/dolor-ullam-dolores-harum-error,"Petroleum Engineer",olive,2013-08-09,feil.chloe@gmail.com,[=B{0I7K9)
0243044b-6f83-3f08-84e9-be6086707c88,Prof.,Trevion,Renner,"36A/98 Lakin Summit",Poblacion,"Sorsogon City","Surigao del Norte",Philippines,976-963-612,"(0923) 258-0411","Walter, Smith and Fisher",http://hagenes.org/,Coroner,teal,2007-04-11,shanahan.crystal@kihn.com,QL#2Mu&
41487803-e05f-320c-9c71-ffc435c87409,Prof.,Sage,Satterfield,"70 O'Hara Stream",Poblacion,Bacolod,Batangas,Philippines,601-827-864,"+63 (977) 134-6352","Auer Group",http://www.bergnaum.net/deserunt-nam-magni-ab-qui-accusantium-magni,"Organizational Development Manager",olive,2022-04-09,ahane@mckenzie.net,"Jtm.'60[M""("
9c53a80d-491f-3ba6-89a4-84b3aeb7f33a,Mrs.,Imelda,Kiehn,"20A/33 Dickens Roads",Poblacion,"Puerto Princesa",Quezon,Philippines,191-880-899,"(0989) 528-8292","Bergnaum, Luettgen and Terry",http://konopelski.info/ut-inventore-nemo-enim-sequi-velit-omnis,"Shear Machine Set-Up Operator",black,1970-09-30,quitzon.dashawn@hotmail.com,YB&r#w7gii#cyNL
016d7bea-e6f8-3a5e-82f6-0747306314ef,Mr.,Delta,Graham,"76A/44 Hessel Fork",Poblacion,Talisay,"Occidental Mindoro",Philippines,211-778-809,"+63 (908) 780-8841","Wiza, Kuphal and Spencer",http://www.fritsch.com/aliquam-et-fugiat-ipsa-ut-blanditiis.html,"Tree Trimmer",navy,1975-07-12,nwaelchi@hotmail.com,"fr!IO""1qt1*CIR,"
a2320188-6f77-32e2-a164-75ba6d6d5afe,Dr.,Scarlett,Bechtelar,"91 Emmerich Station",Poblacion,"General Santos","Davao del Sur",Philippines,150-272-574,"(0921) 801-2541","Kub, Rempel and Jacobs",https://grady.com/minima-sequi-velit-temporibus.html,Carver,black,2006-05-10,jaunita64@hotmail.com,ihiC</.Un
b55c91ab-d40b-3d3d-a5d7-94c2b4e3cff2,Prof.,Reed,Halvorson,"32A Reinger Mission Apt. 879",Poblacion,Koronadal,Pampanga,Philippines,764-562-431,"+63 (912) 764-2150","Hartmann PLC",https://gottlieb.com/facilis-quaerat-sed-iusto-asperiores.html,"Communications Equipment Operator",teal,1993-08-02,barry38@hotmail.com,CF'@8Q{*z
5d5ba2f9-28a8-3bff-8fce-9ac1a9e96e61,Dr.,Lauriane,Hickle,"34/55 Rogahn Mountain",Poblacion,"Davao City",Quezon,Philippines,322-028-165,"(0918) 830-0466",Schumm-Beahan,http://www.klocko.org/mollitia-quia-quaerat-cumque-sequi-est,"Slot Key Person",silver,1980-11-15,lora10@hotmail.com,t06xtuFt2Gg
2dec920c-01a0-3923-a5ae-5fb90325c63a,Prof.,Piper,Hettinger,"68 Waters Lodge Apt. 730",Poblacion,Bacolod,Aurora,Philippines,290-682-032,"(0975) 829-5840",Cummings-Renner,https://www.bogisich.com/sit-qui-eum-illo-incidunt-et,"History Teacher",gray,1971-07-08,loma.jerde@schumm.info,^3dtXdV?6%U%/
06472343-6a2d-35dd-91af-260bb6dee9b9,Dr.,Shaniya,Kautzer,"20A/62 Farrell Lodge Suite 174",Poblacion,Cadiz,"La Union",Philippines,602-628-149,"+63 (936) 552-5993",Adams-Schneider,http://beahan.biz/qui-molestiae-dolorem-dolores.html,"Brazing Machine Operator",lime,1996-09-03,gideon.funk@gmail.com,"\d;|i8dL5"
3ad8f90a-3049-313d-ada3-4743eaccfbe4,Dr.,Jayden,Kohler,"63/65 Nitzsche Well",Poblacion,Guihulngan,Sulu,Philippines,304-786-089,"+63 (917) 152-1231","Krajcik Ltd",http://www.herman.com/odit-consequatur-eius-hic,"Payroll Clerk",white,2008-01-29,boehm.isabell@hotmail.com,"Jh""RZ{2-Pq-\H"
16fb361a-e343-34c9-8534-bf12504c99aa,Mr.,Aida,Stiedemann,"26A Nolan Mews Apt. 938",Poblacion,Ilagan,"South Cotabato",Philippines,725-952-281,"(0920) 839-6416",Dibbert-Carroll,https://www.ferry.com/ut-hic-sit-doloremque-est,"Insurance Claims Clerk",lime,1982-03-11,jlabadie@jakubowski.info,"w/?FXuk&3ZcP5""MO"
26d81290-788f-364c-a6e8-0de81d30b4e0,Dr.,Palma,Satterfield,"53A Flatley Springs Apt. 726",Poblacion,Canlaon,"Misamis Occidental",Philippines,524-700-474,"+63 (922) 364-1279","Schulist and Sons",http://www.lebsack.org/nemo-necessitatibus-tempora-mollitia-perspiciatis-temporibus-debitis.html,Captain,lime,2012-12-29,cummings.glenna@kohler.net,"Up<i~.C:c>/0,B*s"
10ef6d7d-887a-325f-8e71-edb8d4055af8,Dr.,Rebeka,Lindgren,"83/61 Bosco Spurs",Poblacion,Manila,"Agusan del Sur",Philippines,904-654-288,"+63 (948) 651-8653",Gutkowski-Mayert,http://www.cole.net/,"Account Manager",silver,1980-06-29,yundt.morton@kshlerin.com,m|qz7s^kg0lV9]bF
7d19a2c3-30d5-3cd5-955d-1738246c1d48,Prof.,Joelle,Spencer,"74A/63 Rowe Expressway",Poblacion,Victorias,"Eastern Samar",Philippines,621-232-983,"(0980) 005-1521","Kling Group",https://gulgowski.com/minus-et-est-molestiae-quasi-deleniti.html,"Manager of Weapons Specialists",yellow,1982-03-17,karl98@gmail.com,[Ir}T71
6511a693-faa0-38b1-9148-87484762a725,Prof.,Adam,Schoen,"92/63 Hirthe Canyon",Poblacion,Malolos,"Camarines Sur",Philippines,654-623-749,"(0939) 178-1134",Pagac-Weimann,http://www.yundt.net/est-ut-atque-et-reiciendis-error-voluptatem,"Fish Game Warden",lime,2008-10-05,wendell.gleichner@oreilly.com,vac0=uP
4dad5886-184c-3a28-b484-922c28a20b62,Mrs.,Idell,Friesen,"81/32 Nitzsche Summit Suite 796",Poblacion,Tuguegarao,Cotabato,Philippines,469-846-732,"+63 (919) 734-9260","Bernhard, Labadie and Haag",https://stark.com/omnis-eaque-provident-enim-autem-aut-ullam-temporibus.html,"Numerical Tool Programmer OR Process Control Programmer",teal,1985-08-04,carley41@denesik.com,"ZZXh`b5'W,=9ip_3Ovz"
1fedf476-ab30-3118-9eff-189f5be764c6,Prof.,Dina,Schuppe,"28A/71 Bailey Hollow",Poblacion,Valenzuela,Romblon,Philippines,766-001-169,"+63 (977) 412-8020","Boyer, Lehner and Beahan",https://heathcote.com/aut-soluta-sit-accusantium-sapiente.html,"Stationary Engineer OR Boiler Operator",olive,1988-02-15,cristobal.johnson@gmail.com,"deE.#~:,pDPV6CqP(Q7"
79f5832c-a863-34c0-bda8-9ce388c32572,Mr.,Amy,Boyle,"59A Feeney Harbor",Poblacion,Olongapo,Romblon,Philippines,710-081-428,"+63 (817) 146-2870","Wiza and Sons",http://fay.com/aliquam-odio-non-laboriosam-incidunt-aliquid,"Travel Guide",gray,2008-04-27,wolff.sylvester@hand.com,"YT""TW?,xPER9^W;(t:>/"
38398d82-ff19-351b-b094-1280417ed390,Dr.,Jayson,Quitzon,"62A Bruen Trail Apt. 381",Poblacion,"Trece Martires","Ilocos Norte",Philippines,149-706-238,"(0937) 473-1161","Lemke, Bernhard and Johns",https://denesik.com/ut-consequuntur-culpa-quia-temporibus-qui-ratione-sed.html,"Production Control Manager",olive,2010-09-28,mgutkowski@stanton.net,$hX}WiSe-P
e67ec3c8-9662-3aec-82b1-3b64c7461dcf,Mrs.,Raphaelle,Hills,"91 Fadel Trafficway",Poblacion,Roxas,"Lanao del Sur",Philippines,351-392-058,"+63 (927) 510-3923","Oberbrunner, Goodwin and Botsford",http://www.schmeler.net/esse-dignissimos-incidunt-et-cumque-quae-alias-consequuntur,"Segmental Paver",teal,1982-09-27,bosco.selmer@koch.com,jXQ.)_s3Jha9[H?
296866ce-f12e-3923-a656-dc8f71a882d4,Miss,Shana,Crona,"25/57 Gerhold Fields Apt. 415",Poblacion,"Las Piñas","Camarines Sur",Philippines,853-025-143,"+63 (925) 443-2070",Runolfsson-Renner,http://www.mitchell.com/impedit-nihil-dolorem-facere-magni-placeat-dolorem,Machinist,yellow,1998-09-20,macejkovic.torey@hotmail.com,JfHH8m.!sh<)b*HU
935836cf-dfe8-394e-bd29-419ce2d3d779,Ms.,Kadin,Kuhn,"84A/76 Schiller Corners Suite 324",Poblacion,Bago,Basilan,Philippines,788-777-112,"(0922) 487-3059","Rowe Inc",http://www.armstrong.com/,Obstetrician,gray,1978-04-01,ramona97@gmail.com,"})`O,/wD;vqe===ph7B3"
a409e09c-b611-3100-9863-75a30170af99,Prof.,Janelle,Fadel,"58/81 Pfannerstill Knolls",Poblacion,Balanga,"Mountain Province",Philippines,000-102-999,"+63 (921) 686-5564","Hackett, Bins and Nicolas",https://friesen.info/repellat-rem-blanditiis-qui-quaerat-vel-esse-voluptas.html,"Communications Equipment Operator",teal,1990-06-04,frami.theodora@yahoo.com,"z,l3PM-[e"""
3da896a3-6c8f-30af-bb6f-2d827a2515f8,Dr.,Hilbert,Windler,"48A/49 Friesen Rest",Poblacion,Mati,"Negros Oriental",Philippines,417-722-926,"+63 (943) 733-5529",Jenkins-Stiedemann,https://gibson.com/provident-corrupti-ut-iure-officiis-est-id-veritatis.html,"Home Health Aide",aqua,2017-10-25,jarvis.corkery@hotmail.com,h?+JWsc@~3ky}1d
23a9f0c3-e730-3237-b1f1-7766bb04499f,Dr.,Omer,Pollich,"27 Dare Forks",Poblacion,Passi,Cavite,Philippines,239-489-184,"(0932) 387-6483",Hane-Schumm,http://www.von.com/magni-vel-sit-autem-aut-eveniet-animi-sit,"Landscape Artist",yellow,2008-08-24,sigrid.schmidt@yahoo.com,=9v+2LN(PcNr_^p!W96Z
44edd7e4-bad0-30d0-93f9-6b7abaa6bee0,Dr.,Jasmin,Gislason,"67/30 McClure Locks Apt. 279",Poblacion,Mandaluyong,"Ilocos Norte",Philippines,437-808-689,"+63 (936) 020-4493","Aufderhar and Sons",http://www.schoen.org/dolore-veritatis-dolor-dolores-est-et,"Order Clerk",green,2011-01-01,wilson01@yahoo.com,3K6'fCp|d^
a4ebdfe6-4ede-3aae-b658-355a2365e1ae,Dr.,Chesley,Cassin,"32A/82 Marvin Manors",Poblacion,Muñoz,"Zamboanga Sibugay",Philippines,171-796-518,"+63 (910) 339-8660","O'Conner Inc",https://parisian.com/veniam-veniam-suscipit-consequatur.html,"Medical Transcriptionist",blue,1979-08-06,elisa35@hotmail.com,9M1qIe{FI<inl
b87ca7b1-25e6-311c-819b-596c6d8589a8,Dr.,Rosalinda,Schamberger,"86/89 Hamill Motorway Suite 709",Poblacion,Calbayog,Basilan,Philippines,162-539-084,"+63 (906) 106-7452",Stehr-O'Conner,http://www.spinka.org/dolor-qui-voluptate-repudiandae-adipisci-magni,"Cardiovascular Technologist",blue,2008-03-12,loren.mann@hotmail.com,Ao(NkoELn[dK;(~
61391863-42a5-3e2b-b3ab-9db875c61ec4,Prof.,Ryann,Braun,"42A Hagenes Trafficway",Poblacion,Cauayan,"Davao Oriental",Philippines,542-032-796,"+63 (971) 958-8498",Conn-Corkery,http://lowe.org/est-odit-aut-ut-inventore.html,"Rotary Drill Operator",blue,1983-10-23,norval40@hermann.info,+:e$beDZSCNq
4c3399ef-d1a8-3f9b-98c5-27cf26e72acf,Ms.,Karli,Block,"56 Schaefer Club",Poblacion,Tanauan,Iloilo,Philippines,959-586-818,"+63 (975) 767-1039","Zemlak LLC",https://www.williamson.info/nesciunt-repellat-ea-ipsam-aut-blanditiis-vero-nisi-ex,Biophysicist,purple,1982-10-27,treva97@yahoo.com,}`yr){l5/:scEG
81e2acf6-66ac-390b-b2a1-b06b821ef9d6,Mr.,Willie,Ferry,"47A Tromp Key",Poblacion,Bago,Laguna,Philippines,889-740-870,"(0940) 818-2628","Haley LLC",http://baumbach.com/id-molestiae-quod-reiciendis-sint-recusandae,Logistician,yellow,1986-06-05,elta.glover@jast.biz,"v]""z`r`N'=-_"
a3f467ed-e2e2-3d97-b67e-ae33125b7616,Miss,Fern,Huels,"46 Medhurst Camp",Poblacion,Bacoor,"Zamboanga del Sur",Philippines,884-686-172,"+63 (917) 592-9924",Dicki-Feest,http://carroll.net/et-est-nihil-nobis-modi-omnis,"Computer-Controlled Machine Tool Operator",black,2009-04-07,citlalli44@hotmail.com,"t,^n]`NZB.o0"
db9f2eae-996b-315d-9ad5-c7bd71c599c7,Dr.,Monty,Weissnat,"58A/99 Johnston Landing",Poblacion,Olongapo,Tawi-Tawi,Philippines,028-911-954,"+63 (917) 757-5545","Doyle, Rowe and Hermiston",http://frami.com/,"Production Control Manager",teal,2004-05-25,verla.cole@gmail.com,"l9KY^>O{29!I?]8\/"
8dac0bae-fe58-3d90-aa85-f3b75c546044,Prof.,Ernestine,Balistreri,"12 Walter Pines",Poblacion,Pasig,"Zamboanga del Sur",Philippines,944-853-971,"(0920) 802-7474","Lebsack Group",http://reichel.biz/tempora-officiis-excepturi-culpa-nulla-ut-quae-facilis.html,"Library Worker",olive,1982-01-24,goodwin.morris@tillman.info,"5[}}CX|\"
121b0ff0-faf3-3755-be6e-d237b7841a42,Dr.,Alexandro,Howell,"34/28 Ziemann Lodge Suite 695",Poblacion,Bislig,"South Cotabato",Philippines,704-730-730,"+63 (942) 552-1622","Strosin PLC",http://www.ritchie.net/cum-est-dolores-praesentium-animi-qui-itaque-perspiciatis.html,"Motion Picture Projectionist",blue,1985-12-23,rodrigo.mills@hotmail.com,"',m%Pk9_u"
7591a006-0025-31e9-9896-4cd3bd23a5ff,Ms.,Marietta,Hauck,"99A/85 Hoppe Shoals Suite 320",Poblacion,Carcar,Isabela,Philippines,090-301-181,"+63 (927) 119-1561","Leffler, Haag and Tromp",http://price.org/ab-vel-culpa-praesentium-repellat-maiores,"Food Service Manager",maroon,2013-06-10,carrie.kovacek@frami.com,wWv1/-(GUneKJ
5c6d182c-b489-3683-8ec4-3df612152fb6,Dr.,Walter,Friesen,"59/81 Aufderhar Falls Suite 054",Poblacion,"Cotabato City","Northern Samar",Philippines,471-103-226,"+63 (910) 888-4856","Schulist Inc",http://www.eichmann.com/,"Telephone Operator",maroon,2002-09-02,mbarton@crist.org,=[bV)&k^xrn!/yW*a@XC
1e3e2197-127e-32b6-a979-110102d5e5cb,Dr.,Javier,Zulauf,"88 Padberg Mountains",Poblacion,Gingoog,Apayao,Philippines,668-243-069,"+63 (813) 524-1656","Reinger, Dietrich and Fisher",http://blanda.net/ut-velit-perspiciatis-adipisci-explicabo-soluta-officiis.html,Garment,maroon,2023-02-14,chris79@vandervort.info,:E<FX2{:)KtbOyh7t>cC
62e1d74d-3d21-36c8-8466-3b1f21dc2b0b,Mr.,Merle,Schuster,"17 Huel Pass",Poblacion,Makati,Ifugao,Philippines,588-031-503,"+63 (989) 826-2127","Koepp, Hyatt and Satterfield",http://www.gulgowski.com/,"Psychiatric Aide",yellow,2020-08-19,zwiza@hudson.com,"FCx\.TKMY"
f9576a98-7c50-36c2-bfb8-d906b3a5cb55,Dr.,Casey,Collins,"93/92 Goyette Spur Apt. 248",Poblacion,Candon,Siquijor,Philippines,348-863-990,"(0929) 421-4103","Blanda, Wiza and Welch",http://www.abshire.com/voluptas-qui-provident-deserunt-tempora-tempore,"Soldering Machine Setter",fuchsia,1998-11-16,wilford.blick@yahoo.com,"G>Z*[<'fzw\2$)Q1wyz"
737f856e-f25a-3142-bcfa-966f7d24c7b1,Ms.,Jaylon,Will,"70 Barrows Brook Suite 955",Poblacion,Valenzuela,Benguet,Philippines,785-409-084,"(0911) 397-4858","Feeney Group",https://www.bogan.com/officia-amet-atque-ut-in-neque-vel-earum,"Employment Interviewer",olive,2015-09-06,maiya.wisozk@hills.info,"S'ugG>&ch^||_H\3fa;"
fdb0474a-2b95-35d2-9fba-6dbc72adade5,Mr.,Deangelo,Boyle,"38 Conn Fork",Poblacion,"Las Piñas","Negros Oriental",Philippines,460-864-662,"+63 (906) 113-1383","Haley LLC",http://cremin.info/at-id-quis-magnam-est-et-nesciunt,"Power Plant Operator",silver,2003-06-17,drew.krajcik@bernhard.com,r5ZjT0
c27a3f56-b2f6-3306-948f-4dcc6dcfffe4,Miss,Roscoe,Smith,"52 Runolfsdottir Trail Suite 981",Poblacion,Kabankalan,"Zamboanga del Sur",Philippines,150-912-970,"(0915) 115-3290","Lind, Roberts and Runolfsdottir",https://www.jast.com/illo-unde-tempore-consequuntur-earum-alias-minima-sint-reiciendis,"Auxiliary Equipment Operator",aqua,2011-03-22,mertz.callie@muller.com,"$*L,dWx"
ae21cc5f-ab80-3108-8bba-3f7370cabd6d,Prof.,Nicholaus,Weissnat,"98A Turcotte Landing",Poblacion,"San Pedro","Negros Occidental",Philippines,493-717-220,"+63 (947) 917-5284","Rau, McGlynn and Fritsch",http://www.mccullough.com/occaecati-laborum-quod-iusto-nobis-iure-sit.html,Therapist,blue,1978-04-19,qkonopelski@towne.com,"3.""[~C`d}"
0402bdbc-8f76-31d5-a256-7e66085e057d,Prof.,Vincenza,Gleichner,"73A/77 Johns Union",Poblacion,Roxas,"Dinagat Islands",Philippines,813-456-982,"(0946) 685-8571","Ziemann, Lind and Windler",http://hermann.com/nostrum-delectus-similique-sit-veniam-eius-dolor,"Short Order Cook",olive,1982-01-01,nweber@cummings.com,-GC#TB.os:
dc0febae-32c9-3d2a-99f7-1ce33845ad63,Mr.,Nils,Leffler,"27A White Ranch Apt. 651",Poblacion,Passi,"Dinagat Islands",Philippines,815-885-745,"(0919) 495-8327","Hoppe LLC",http://monahan.org/ratione-quia-ea-excepturi-nostrum-nihil,"Crushing Grinding Machine Operator",white,1977-02-05,walsh.ignatius@hotmail.com,0&%FRP9[G>}6;*O7@NSL
589ac339-a2d0-37b4-a76a-7f409c934134,Mrs.,Ephraim,Schulist,"44A/76 Wilderman Key",Poblacion,Isabela,Laguna,Philippines,046-714-159,"(0936) 917-1300","Fahey, Kirlin and Sporer",http://www.kessler.org/exercitationem-voluptates-quod-explicabo-corrupti-aperiam-sapiente-qui,"Landscape Architect",blue,1987-04-26,oceane28@yahoo.com,"s9rT18FV7:}Yr0=uT""YW"
d0211990-d6c6-34d2-b466-f45ea721b064,Prof.,Vernice,Tremblay,"99/95 Stark Track",Poblacion,Iriga,"La Union",Philippines,806-766-664,"+63 (928) 157-2644","Koch PLC",http://www.oreilly.com/exercitationem-modi-eligendi-veniam-consequatur,"Furnace Operator",navy,1982-01-17,sprice@yahoo.com,Pu(;THLZy{X]!$K9H
fa8cbeeb-f2b4-36de-bd2e-28d656ee3ecb,Dr.,Sandy,Ankunding,"50/96 Jones Circle",Poblacion,Naga,"Lanao del Norte",Philippines,457-880-406,"+63 (912) 352-1396","Christiansen Group",http://www.thompson.com/recusandae-et-ut-quo-ut-ab-sint-enim-asperiores,"Financial Manager",maroon,1991-06-12,eloise62@hotmail.com,~yP#7N<yEt^K
dfaa6331-e3a1-3da9-b76d-c51529b41a8f,Ms.,Oren,Lueilwitz,"46 Haag Spurs Apt. 395",Poblacion,"San Fernando","Ilocos Sur",Philippines,762-813-094,"+63 (948) 230-7325",Johns-Blanda,https://crona.com/facilis-totam-sed-ea-aut-ea.html,"Punching Machine Setters",purple,1997-06-13,gottlieb.cristian@hotmail.com,PD)d@X@$^q
b04a7321-b22d-3764-9732-e38df23c5771,Miss,Talia,Howell,"20/78 Friesen Hollow",Poblacion,Tagaytay,Bukidnon,Philippines,860-160-325,"(0973) 521-5303","Conn and Sons",http://www.lehner.biz/nostrum-illum-ut-suscipit-voluptatibus.html,"Keyboard Instrument Repairer and Tuner",navy,2003-01-16,jenifer.cronin@runolfsdottir.net,G~R^i:XQV2eyj!a><d4r
4b11fbfb-3766-32cd-a719-24b4c0a3bb01,Dr.,Gust,Ward,"03A/37 Jenkins Spring",Poblacion,"Cavite City","Misamis Oriental",Philippines,949-809-497,"+63 (817) 084-1941","Schuster LLC",http://bednar.com/incidunt-nisi-cum-eveniet-numquam-aut,"Child Care Worker",gray,2024-08-24,hettinger.laron@yahoo.com,[l?Tk)CyTy/]zdum>O
f6954b3b-9f01-3529-9440-e352fb0b6809,Prof.,Sigrid,Wisozk,"77 Wintheiser Points Apt. 464",Poblacion,Navotas,Camiguin,Philippines,474-883-808,"+63 (911) 182-0190",Kozey-Lueilwitz,http://www.langosh.com/vero-ea-nemo-ut-et,"Floor Finisher",maroon,2008-10-20,franz06@hotmail.com,"Mdf+!%7]\H%bS-"
f3cfe441-d9fa-398c-8612-c872520d03ed,Mr.,Noel,Ankunding,"97/18 Reinger Pine",Poblacion,"General Santos","Occidental Mindoro",Philippines,610-584-153,"+63 (930) 908-0618","Hackett, Connelly and McGlynn",http://www.runolfsson.net/praesentium-aut-est-officiis-voluptas-iusto-nobis-eveniet.html,Sheriff,purple,1983-03-08,wbauch@thompson.com,`3I+#_:e}ZZP)^}
af734205-8257-3a3e-bdbb-fab5837b246c,Dr.,Ron,Heller,"60 Schneider Junction Apt. 933",Poblacion,Gingoog,Sarangani,Philippines,643-547-588,"+63 (922) 253-2361","Bayer Ltd",http://rice.info/soluta-tempore-vitae-et-officiis-repellat,"Auxiliary Equipment Operator",aqua,1996-12-20,mckenzie.everett@lesch.biz,'Njp5kg
